instrument,energy_kev,counts,error
pn,0.0,0.0,1.0
pn,0.001,0.0,1.0
pn,0.002,0.0,1.0
pn,0.003,0.0,1.0
pn,0.004,0.0,1.0
pn,0.005,0.0,1.0
pn,0.006,0.0,1.0
pn,0.007,0.0,1.0
pn,0.008,0.0,1.0
pn,0.009,0.0,1.0
pn,0.01,0.0,1.0
pn,0.011,0.0,1.0
pn,0.012,0.0,1.0
pn,0.013,0.0,1.0
pn,0.014,0.0,1.0
pn,0.015,0.0,1.0
pn,0.016,0.0,1.0
pn,0.017,0.0,1.0
pn,0.018,0.0,1.0
pn,0.019,0.0,1.0
pn,0.02,0.0,1.0
pn,0.021,0.0,1.0
pn,0.022,0.0,1.0
pn,0.023,0.0,1.0
pn,0.024,0.0,1.0
pn,0.025,0.0,1.0
pn,0.026,0.0,1.0
pn,0.027,0.0,1.0
pn,0.028,0.0,1.0
pn,0.029,0.0,1.0
pn,0.03,47.0,6.855654600401044
pn,0.031,37.0,6.082762530298219
pn,0.032,30.0,5.477225575051661
pn,0.033,24.0,4.898979485566356
pn,0.034,11.0,3.3166247903554
pn,0.035,21.0,4.58257569495584
pn,0.036,17.0,4.123105625617661
pn,0.037,9.0,3.0
pn,0.038,10.0,3.1622776601683795
pn,0.039,10.0,3.1622776601683795
pn,0.04,4.0,2.0
pn,0.041,5.0,2.23606797749979
pn,0.042,7.0,2.6457513110645907
pn,0.043,8.0,2.8284271247461903
pn,0.044,13.0,3.605551275463989
pn,0.045,18.0,4.242640687119285
pn,0.046,12.0,3.4641016151377544
pn,0.047,19.0,4.358898943540674
pn,0.048,11.0,3.3166247903554
pn,0.049,10.0,3.1622776601683795
pn,0.05,15.0,3.872983346207417
pn,0.051,10.0,3.1622776601683795
pn,0.052,11.0,3.3166247903554
pn,0.053,14.0,3.7416573867739413
pn,0.054,15.0,3.872983346207417
pn,0.055,13.0,3.605551275463989
pn,0.056,11.0,3.3166247903554
pn,0.057,5.0,2.23606797749979
pn,0.058,5.0,2.23606797749979
pn,0.059,12.0,3.4641016151377544
pn,0.06,8.0,2.8284271247461903
pn,0.061,6.0,2.449489742783178
pn,0.062,9.0,3.0
pn,0.063,11.0,3.3166247903554
pn,0.064,7.0,2.6457513110645907
pn,0.065,8.0,2.8284271247461903
pn,0.066,9.0,3.0
pn,0.067,10.0,3.1622776601683795
pn,0.068,9.0,3.0
pn,0.069,4.0,2.0
pn,0.07,6.0,2.449489742783178
pn,0.071,7.0,2.6457513110645907
pn,0.072,3.0,1.7320508075688772
pn,0.073,3.0,1.7320508075688772
pn,0.074,8.0,2.8284271247461903
pn,0.075,7.0,2.6457513110645907
pn,0.076,8.0,2.8284271247461903
pn,0.077,4.0,2.0
pn,0.078,8.0,2.8284271247461903
pn,0.079,8.0,2.8284271247461903
pn,0.08,9.0,3.0
pn,0.081,4.0,2.0
pn,0.082,7.0,2.6457513110645907
pn,0.083,7.0,2.6457513110645907
pn,0.084,5.0,2.23606797749979
pn,0.085,9.0,3.0
pn,0.086,3.0,1.7320508075688772
pn,0.087,7.0,2.6457513110645907
pn,0.088,5.0,2.23606797749979
pn,0.089,7.0,2.6457513110645907
pn,0.09,7.0,2.6457513110645907
pn,0.091,6.0,2.449489742783178
pn,0.092,3.0,1.7320508075688772
pn,0.093,8.0,2.8284271247461903
pn,0.094,2.0,1.4142135623730951
pn,0.095,3.0,1.7320508075688772
pn,0.096,4.0,2.0
pn,0.097,3.0,1.7320508075688772
pn,0.098,7.0,2.6457513110645907
pn,0.099,5.0,2.23606797749979
pn,0.1,5.0,2.23606797749979
pn,0.101,5.0,2.23606797749979
pn,0.102,7.0,2.6457513110645907
pn,0.103,12.0,3.4641016151377544
pn,0.104,4.0,2.0
pn,0.105,6.0,2.449489742783178
pn,0.106,3.0,1.7320508075688772
pn,0.107,2.0,1.4142135623730951
pn,0.108,5.0,2.23606797749979
pn,0.109,8.0,2.8284271247461903
pn,0.11,7.0,2.6457513110645907
pn,0.111,11.0,3.3166247903554
pn,0.112,5.0,2.23606797749979
pn,0.113,2.0,1.4142135623730951
pn,0.114,5.0,2.23606797749979
pn,0.115,1.0,1.0
pn,0.116,5.0,2.23606797749979
pn,0.117,2.0,1.4142135623730951
pn,0.118,3.0,1.7320508075688772
pn,0.119,2.0,1.4142135623730951
pn,0.12,11.0,3.3166247903554
pn,0.121,7.0,2.6457513110645907
pn,0.122,4.0,2.0
pn,0.123,3.0,1.7320508075688772
pn,0.124,6.0,2.449489742783178
pn,0.125,5.0,2.23606797749979
pn,0.126,9.0,3.0
pn,0.127,8.0,2.8284271247461903
pn,0.128,2.0,1.4142135623730951
pn,0.129,3.0,1.7320508075688772
pn,0.13,6.0,2.449489742783178
pn,0.131,8.0,2.8284271247461903
pn,0.132,3.0,1.7320508075688772
pn,0.133,3.0,1.7320508075688772
pn,0.134,6.0,2.449489742783178
pn,0.135,3.0,1.7320508075688772
pn,0.136,4.0,2.0
pn,0.137,4.0,2.0
pn,0.138,6.0,2.449489742783178
pn,0.139,5.0,2.23606797749979
pn,0.14,5.0,2.23606797749979
pn,0.141,6.0,2.449489742783178
pn,0.142,7.0,2.6457513110645907
pn,0.143,6.0,2.449489742783178
pn,0.144,8.0,2.8284271247461903
pn,0.145,5.0,2.23606797749979
pn,0.146,2.0,1.4142135623730951
pn,0.147,3.0,1.7320508075688772
pn,0.148,0.0,1.0
pn,0.149,5.0,2.23606797749979
pn,0.15,1.0,1.0
pn,0.151,4.0,2.0
pn,0.152,4.0,2.0
pn,0.153,0.0,1.0
pn,0.154,2.0,1.4142135623730951
pn,0.155,3.0,1.7320508075688772
pn,0.156,4.0,2.0
pn,0.157,2.0,1.4142135623730951
pn,0.158,4.0,2.0
pn,0.159,2.0,1.4142135623730951
pn,0.16,5.0,2.23606797749979
pn,0.161,4.0,2.0
pn,0.162,9.0,3.0
pn,0.163,6.0,2.449489742783178
pn,0.164,2.0,1.4142135623730951
pn,0.165,4.0,2.0
pn,0.166,2.0,1.4142135623730951
pn,0.167,2.0,1.4142135623730951
pn,0.168,5.0,2.23606797749979
pn,0.169,3.0,1.7320508075688772
pn,0.17,6.0,2.449489742783178
pn,0.171,1.0,1.0
pn,0.172,3.0,1.7320508075688772
pn,0.173,2.0,1.4142135623730951
pn,0.174,2.0,1.4142135623730951
pn,0.175,4.0,2.0
pn,0.176,7.0,2.6457513110645907
pn,0.177,3.0,1.7320508075688772
pn,0.178,3.0,1.7320508075688772
pn,0.179,0.0,1.0
pn,0.18,1.0,1.0
pn,0.181,4.0,2.0
pn,0.182,4.0,2.0
pn,0.183,2.0,1.4142135623730951
pn,0.184,1.0,1.0
pn,0.185,2.0,1.4142135623730951
pn,0.186,2.0,1.4142135623730951
pn,0.187,5.0,2.23606797749979
pn,0.188,5.0,2.23606797749979
pn,0.189,2.0,1.4142135623730951
pn,0.19,2.0,1.4142135623730951
pn,0.191,4.0,2.0
pn,0.192,4.0,2.0
pn,0.193,2.0,1.4142135623730951
pn,0.194,7.0,2.6457513110645907
pn,0.195,4.0,2.0
pn,0.196,3.0,1.7320508075688772
pn,0.197,3.0,1.7320508075688772
pn,0.198,1.0,1.0
pn,0.199,1.0,1.0
pn,0.2,1.0,1.0
pn,0.201,1.0,1.0
pn,0.202,1.0,1.0
pn,0.203,1.0,1.0
pn,0.204,1.0,1.0
pn,0.205,1.0,1.0
pn,0.206,1.0,1.0
pn,0.207,3.0,1.7320508075688772
pn,0.208,4.0,2.0
pn,0.209,3.0,1.7320508075688772
pn,0.21,1.0,1.0
pn,0.211,3.0,1.7320508075688772
pn,0.212,3.0,1.7320508075688772
pn,0.213,1.0,1.0
pn,0.214,3.0,1.7320508075688772
pn,0.215,4.0,2.0
pn,0.216,4.0,2.0
pn,0.217,1.0,1.0
pn,0.218,3.0,1.7320508075688772
pn,0.219,5.0,2.23606797749979
pn,0.22,1.0,1.0
pn,0.221,1.0,1.0
pn,0.222,2.0,1.4142135623730951
pn,0.223,2.0,1.4142135623730951
pn,0.224,0.0,1.0
pn,0.225,2.0,1.4142135623730951
pn,0.226,1.0,1.0
pn,0.227,0.0,1.0
pn,0.228,1.0,1.0
pn,0.229,2.0,1.4142135623730951
pn,0.23,3.0,1.7320508075688772
pn,0.231,5.0,2.23606797749979
pn,0.232,3.0,1.7320508075688772
pn,0.233,1.0,1.0
pn,0.234,2.0,1.4142135623730951
pn,0.235,3.0,1.7320508075688772
pn,0.236,1.0,1.0
pn,0.237,3.0,1.7320508075688772
pn,0.238,0.0,1.0
pn,0.239,2.0,1.4142135623730951
pn,0.24,1.0,1.0
pn,0.241,1.0,1.0
pn,0.242,2.0,1.4142135623730951
pn,0.243,0.0,1.0
pn,0.244,3.0,1.7320508075688772
pn,0.245,4.0,2.0
pn,0.246,2.0,1.4142135623730951
pn,0.247,4.0,2.0
pn,0.248,2.0,1.4142135623730951
pn,0.249,1.0,1.0
pn,0.25,4.0,2.0
pn,0.251,1.0,1.0
pn,0.252,1.0,1.0
pn,0.253,1.0,1.0
pn,0.254,6.0,2.449489742783178
pn,0.255,4.0,2.0
pn,0.256,2.0,1.4142135623730951
pn,0.257,1.0,1.0
pn,0.258,4.0,2.0
pn,0.259,2.0,1.4142135623730951
pn,0.26,0.0,1.0
pn,0.261,3.0,1.7320508075688772
pn,0.262,1.0,1.0
pn,0.263,1.0,1.0
pn,0.264,4.0,2.0
pn,0.265,2.0,1.4142135623730951
pn,0.266,2.0,1.4142135623730951
pn,0.267,3.0,1.7320508075688772
pn,0.268,4.0,2.0
pn,0.269,5.0,2.23606797749979
pn,0.27,1.0,1.0
pn,0.271,2.0,1.4142135623730951
pn,0.272,3.0,1.7320508075688772
pn,0.273,1.0,1.0
pn,0.274,3.0,1.7320508075688772
pn,0.275,2.0,1.4142135623730951
pn,0.276,2.0,1.4142135623730951
pn,0.277,1.0,1.0
pn,0.278,4.0,2.0
pn,0.279,1.0,1.0
pn,0.28,4.0,2.0
pn,0.281,4.0,2.0
pn,0.282,4.0,2.0
pn,0.283,3.0,1.7320508075688772
pn,0.284,1.0,1.0
pn,0.285,3.0,1.7320508075688772
pn,0.286,2.0,1.4142135623730951
pn,0.287,6.0,2.449489742783178
pn,0.288,3.0,1.7320508075688772
pn,0.289,4.0,2.0
pn,0.29,5.0,2.23606797749979
pn,0.291,2.0,1.4142135623730951
pn,0.292,3.0,1.7320508075688772
pn,0.293,3.0,1.7320508075688772
pn,0.294,2.0,1.4142135623730951
pn,0.295,1.0,1.0
pn,0.296,2.0,1.4142135623730951
pn,0.297,1.0,1.0
pn,0.298,2.0,1.4142135623730951
pn,0.299,1.0,1.0
pn,0.3,3.0,1.7320508075688772
pn,0.301,1.0,1.0
pn,0.302,2.0,1.4142135623730951
pn,0.303,3.0,1.7320508075688772
pn,0.304,1.0,1.0
pn,0.305,1.0,1.0
pn,0.306,1.0,1.0
pn,0.307,3.0,1.7320508075688772
pn,0.308,0.0,1.0
pn,0.309,0.0,1.0
pn,0.31,3.0,1.7320508075688772
pn,0.311,0.0,1.0
pn,0.312,3.0,1.7320508075688772
pn,0.313,0.0,1.0
pn,0.314,2.0,1.4142135623730951
pn,0.315,2.0,1.4142135623730951
pn,0.316,1.0,1.0
pn,0.317,1.0,1.0
pn,0.318,1.0,1.0
pn,0.319,1.0,1.0
pn,0.32,2.0,1.4142135623730951
pn,0.321,2.0,1.4142135623730951
pn,0.322,4.0,2.0
pn,0.323,2.0,1.4142135623730951
pn,0.324,1.0,1.0
pn,0.325,2.0,1.4142135623730951
pn,0.326,1.0,1.0
pn,0.327,2.0,1.4142135623730951
pn,0.328,1.0,1.0
pn,0.329,1.0,1.0
pn,0.33,3.0,1.7320508075688772
pn,0.331,0.0,1.0
pn,0.332,1.0,1.0
pn,0.333,2.0,1.4142135623730951
pn,0.334,1.0,1.0
pn,0.335,2.0,1.4142135623730951
pn,0.336,4.0,2.0
pn,0.337,2.0,1.4142135623730951
pn,0.338,0.0,1.0
pn,0.339,0.0,1.0
pn,0.34,2.0,1.4142135623730951
pn,0.341,1.0,1.0
pn,0.342,0.0,1.0
pn,0.343,2.0,1.4142135623730951
pn,0.344,0.0,1.0
pn,0.345,0.0,1.0
pn,0.346,0.0,1.0
pn,0.347,0.0,1.0
pn,0.348,1.0,1.0
pn,0.349,2.0,1.4142135623730951
pn,0.35,0.0,1.0
pn,0.351,0.0,1.0
pn,0.352,1.0,1.0
pn,0.353,2.0,1.4142135623730951
pn,0.354,0.0,1.0
pn,0.355,0.0,1.0
pn,0.356,2.0,1.4142135623730951
pn,0.357,1.0,1.0
pn,0.358,3.0,1.7320508075688772
pn,0.359,4.0,2.0
pn,0.36,3.0,1.7320508075688772
pn,0.361,1.0,1.0
pn,0.362,1.0,1.0
pn,0.363,2.0,1.4142135623730951
pn,0.364,1.0,1.0
pn,0.365,1.0,1.0
pn,0.366,1.0,1.0
pn,0.367,0.0,1.0
pn,0.368,0.0,1.0
pn,0.369,3.0,1.7320508075688772
pn,0.37,0.0,1.0
pn,0.371,1.0,1.0
pn,0.372,2.0,1.4142135623730951
pn,0.373,0.0,1.0
pn,0.374,1.0,1.0
pn,0.375,0.0,1.0
pn,0.376,1.0,1.0
pn,0.377,0.0,1.0
pn,0.378,1.0,1.0
pn,0.379,0.0,1.0
pn,0.38,2.0,1.4142135623730951
pn,0.381,0.0,1.0
pn,0.382,1.0,1.0
pn,0.383,2.0,1.4142135623730951
pn,0.384,1.0,1.0
pn,0.385,2.0,1.4142135623730951
pn,0.386,2.0,1.4142135623730951
pn,0.387,1.0,1.0
pn,0.388,0.0,1.0
pn,0.389,1.0,1.0
pn,0.39,0.0,1.0
pn,0.391,1.0,1.0
pn,0.392,0.0,1.0
pn,0.393,1.0,1.0
pn,0.394,1.0,1.0
pn,0.395,0.0,1.0
pn,0.396,1.0,1.0
pn,0.397,0.0,1.0
pn,0.398,2.0,1.4142135623730951
pn,0.399,1.0,1.0
pn,0.4,2.0,1.4142135623730951
pn,0.401,1.0,1.0
pn,0.402,0.0,1.0
pn,0.403,2.0,1.4142135623730951
pn,0.404,2.0,1.4142135623730951
pn,0.405,1.0,1.0
pn,0.406,1.0,1.0
pn,0.407,1.0,1.0
pn,0.408,0.0,1.0
pn,0.409,1.0,1.0
pn,0.41,1.0,1.0
pn,0.411,1.0,1.0
pn,0.412,1.0,1.0
pn,0.413,1.0,1.0
pn,0.414,1.0,1.0
pn,0.415,3.0,1.7320508075688772
pn,0.416,1.0,1.0
pn,0.417,1.0,1.0
pn,0.418,0.0,1.0
pn,0.419,1.0,1.0
pn,0.42,1.0,1.0
pn,0.421,4.0,2.0
pn,0.422,1.0,1.0
pn,0.423,2.0,1.4142135623730951
pn,0.424,0.0,1.0
pn,0.425,0.0,1.0
pn,0.426,0.0,1.0
pn,0.427,1.0,1.0
pn,0.428,1.0,1.0
pn,0.429,1.0,1.0
pn,0.43,1.0,1.0
pn,0.431,2.0,1.4142135623730951
pn,0.432,1.0,1.0
pn,0.433,0.0,1.0
pn,0.434,3.0,1.7320508075688772
pn,0.435,0.0,1.0
pn,0.436,1.0,1.0
pn,0.437,1.0,1.0
pn,0.438,1.0,1.0
pn,0.439,1.0,1.0
pn,0.44,3.0,1.7320508075688772
pn,0.441,0.0,1.0
pn,0.442,0.0,1.0
pn,0.443,0.0,1.0
pn,0.444,0.0,1.0
pn,0.445,0.0,1.0
pn,0.446,2.0,1.4142135623730951
pn,0.447,1.0,1.0
pn,0.448,0.0,1.0
pn,0.449,1.0,1.0
pn,0.45,1.0,1.0
pn,0.451,1.0,1.0
pn,0.452,1.0,1.0
pn,0.453,1.0,1.0
pn,0.454,1.0,1.0
pn,0.455,0.0,1.0
pn,0.456,1.0,1.0
pn,0.457,1.0,1.0
pn,0.458,1.0,1.0
pn,0.459,0.0,1.0
pn,0.46,0.0,1.0
pn,0.461,0.0,1.0
pn,0.462,0.0,1.0
pn,0.463,0.0,1.0
pn,0.464,0.0,1.0
pn,0.465,0.0,1.0
pn,0.466,0.0,1.0
pn,0.467,0.0,1.0
pn,0.468,0.0,1.0
pn,0.469,0.0,1.0
pn,0.47,1.0,1.0
pn,0.471,0.0,1.0
pn,0.472,0.0,1.0
pn,0.473,0.0,1.0
pn,0.474,0.0,1.0
pn,0.475,0.0,1.0
pn,0.476,1.0,1.0
pn,0.477,1.0,1.0
pn,0.478,2.0,1.4142135623730951
pn,0.479,0.0,1.0
pn,0.48,2.0,1.4142135623730951
pn,0.481,0.0,1.0
pn,0.482,1.0,1.0
pn,0.483,2.0,1.4142135623730951
pn,0.484,1.0,1.0
pn,0.485,0.0,1.0
pn,0.486,1.0,1.0
pn,0.487,1.0,1.0
pn,0.488,0.0,1.0
pn,0.489,0.0,1.0
pn,0.49,1.0,1.0
pn,0.491,0.0,1.0
pn,0.492,0.0,1.0
pn,0.493,1.0,1.0
pn,0.494,0.0,1.0
pn,0.495,0.0,1.0
pn,0.496,2.0,1.4142135623730951
pn,0.497,0.0,1.0
pn,0.498,0.0,1.0
pn,0.499,1.0,1.0
pn,0.5,0.0,1.0
pn,0.501,0.0,1.0
pn,0.502,0.0,1.0
pn,0.503,0.0,1.0
pn,0.504,1.0,1.0
pn,0.505,0.0,1.0
pn,0.506,0.0,1.0
pn,0.507,1.0,1.0
pn,0.508,0.0,1.0
pn,0.509,0.0,1.0
pn,0.51,1.0,1.0
pn,0.511,0.0,1.0
pn,0.512,2.0,1.4142135623730951
pn,0.513,0.0,1.0
pn,0.514,0.0,1.0
pn,0.515,0.0,1.0
pn,0.516,1.0,1.0
pn,0.517,0.0,1.0
pn,0.518,1.0,1.0
pn,0.519,1.0,1.0
pn,0.52,1.0,1.0
pn,0.521,1.0,1.0
pn,0.522,0.0,1.0
pn,0.523,0.0,1.0
pn,0.524,1.0,1.0
pn,0.525,0.0,1.0
pn,0.526,0.0,1.0
pn,0.527,0.0,1.0
pn,0.528,0.0,1.0
pn,0.529,0.0,1.0
pn,0.53,2.0,1.4142135623730951
pn,0.531,0.0,1.0
pn,0.532,0.0,1.0
pn,0.533,1.0,1.0
pn,0.534,0.0,1.0
pn,0.535,0.0,1.0
pn,0.536,0.0,1.0
pn,0.537,1.0,1.0
pn,0.538,0.0,1.0
pn,0.539,0.0,1.0
pn,0.54,0.0,1.0
pn,0.541,0.0,1.0
pn,0.542,1.0,1.0
pn,0.543,0.0,1.0
pn,0.544,1.0,1.0
pn,0.545,0.0,1.0
pn,0.546,0.0,1.0
pn,0.547,0.0,1.0
pn,0.548,0.0,1.0
pn,0.549,0.0,1.0
pn,0.55,0.0,1.0
pn,0.551,0.0,1.0
pn,0.552,0.0,1.0
pn,0.553,0.0,1.0
pn,0.554,0.0,1.0
pn,0.555,0.0,1.0
pn,0.556,0.0,1.0
pn,0.557,0.0,1.0
pn,0.558,0.0,1.0
pn,0.559,0.0,1.0
pn,0.56,0.0,1.0
pn,0.561,0.0,1.0
pn,0.562,0.0,1.0
pn,0.563,1.0,1.0
pn,0.564,0.0,1.0
pn,0.565,0.0,1.0
pn,0.566,0.0,1.0
pn,0.567,0.0,1.0
pn,0.568,0.0,1.0
pn,0.569,0.0,1.0
pn,0.57,1.0,1.0
pn,0.571,0.0,1.0
pn,0.572,0.0,1.0
pn,0.573,0.0,1.0
pn,0.574,0.0,1.0
pn,0.575,0.0,1.0
pn,0.576,0.0,1.0
pn,0.577,1.0,1.0
pn,0.578,0.0,1.0
pn,0.579,0.0,1.0
pn,0.58,0.0,1.0
pn,0.581,0.0,1.0
pn,0.582,0.0,1.0
pn,0.583,2.0,1.4142135623730951
pn,0.584,0.0,1.0
pn,0.585,0.0,1.0
pn,0.586,0.0,1.0
pn,0.587,0.0,1.0
pn,0.588,1.0,1.0
pn,0.589,0.0,1.0
pn,0.59,1.0,1.0
pn,0.591,0.0,1.0
pn,0.592,0.0,1.0
pn,0.593,0.0,1.0
pn,0.594,0.0,1.0
pn,0.595,0.0,1.0
pn,0.596,0.0,1.0
pn,0.597,0.0,1.0
pn,0.598,0.0,1.0
pn,0.599,1.0,1.0
pn,0.6,0.0,1.0
pn,0.601,0.0,1.0
pn,0.602,0.0,1.0
pn,0.603,0.0,1.0
pn,0.604,0.0,1.0
pn,0.605,1.0,1.0
pn,0.606,1.0,1.0
pn,0.607,0.0,1.0
pn,0.608,1.0,1.0
pn,0.609,0.0,1.0
pn,0.61,0.0,1.0
pn,0.611,1.0,1.0
pn,0.612,1.0,1.0
pn,0.613,1.0,1.0
pn,0.614,0.0,1.0
pn,0.615,0.0,1.0
pn,0.616,0.0,1.0
pn,0.617,1.0,1.0
pn,0.618,0.0,1.0
pn,0.619,0.0,1.0
pn,0.62,1.0,1.0
pn,0.621,0.0,1.0
pn,0.622,1.0,1.0
pn,0.623,0.0,1.0
pn,0.624,0.0,1.0
pn,0.625,0.0,1.0
pn,0.626,0.0,1.0
pn,0.627,0.0,1.0
pn,0.628,0.0,1.0
pn,0.629,1.0,1.0
pn,0.63,0.0,1.0
pn,0.631,1.0,1.0
pn,0.632,0.0,1.0
pn,0.633,1.0,1.0
pn,0.634,0.0,1.0
pn,0.635,1.0,1.0
pn,0.636,1.0,1.0
pn,0.637,0.0,1.0
pn,0.638,0.0,1.0
pn,0.639,0.0,1.0
pn,0.64,0.0,1.0
pn,0.641,0.0,1.0
pn,0.642,0.0,1.0
pn,0.643,0.0,1.0
pn,0.644,0.0,1.0
pn,0.645,0.0,1.0
pn,0.646,0.0,1.0
pn,0.647,1.0,1.0
pn,0.648,0.0,1.0
pn,0.649,0.0,1.0
pn,0.65,0.0,1.0
pn,0.651,0.0,1.0
pn,0.652,0.0,1.0
pn,0.653,0.0,1.0
pn,0.654,0.0,1.0
pn,0.655,1.0,1.0
pn,0.656,0.0,1.0
pn,0.657,1.0,1.0
pn,0.658,0.0,1.0
pn,0.659,0.0,1.0
pn,0.66,0.0,1.0
pn,0.661,2.0,1.4142135623730951
pn,0.662,0.0,1.0
pn,0.663,0.0,1.0
pn,0.664,0.0,1.0
pn,0.665,0.0,1.0
pn,0.666,0.0,1.0
pn,0.667,0.0,1.0
pn,0.668,1.0,1.0
pn,0.669,0.0,1.0
pn,0.67,0.0,1.0
pn,0.671,0.0,1.0
pn,0.672,0.0,1.0
pn,0.673,1.0,1.0
pn,0.674,0.0,1.0
pn,0.675,0.0,1.0
pn,0.676,0.0,1.0
pn,0.677,0.0,1.0
pn,0.678,1.0,1.0
pn,0.679,1.0,1.0
pn,0.68,1.0,1.0
pn,0.681,0.0,1.0
pn,0.682,1.0,1.0
pn,0.683,0.0,1.0
pn,0.684,1.0,1.0
pn,0.685,0.0,1.0
pn,0.686,1.0,1.0
pn,0.687,0.0,1.0
pn,0.688,0.0,1.0
pn,0.689,0.0,1.0
pn,0.69,0.0,1.0
pn,0.691,0.0,1.0
pn,0.692,1.0,1.0
pn,0.693,0.0,1.0
pn,0.694,1.0,1.0
pn,0.695,0.0,1.0
pn,0.696,0.0,1.0
pn,0.697,2.0,1.4142135623730951
pn,0.698,0.0,1.0
pn,0.699,0.0,1.0
pn,0.7,0.0,1.0
pn,0.701,0.0,1.0
pn,0.702,0.0,1.0
pn,0.703,0.0,1.0
pn,0.704,0.0,1.0
pn,0.705,0.0,1.0
pn,0.706,0.0,1.0
pn,0.707,0.0,1.0
pn,0.708,0.0,1.0
pn,0.709,0.0,1.0
pn,0.71,0.0,1.0
pn,0.711,1.0,1.0
pn,0.712,0.0,1.0
pn,0.713,1.0,1.0
pn,0.714,3.0,1.7320508075688772
pn,0.715,0.0,1.0
pn,0.716,1.0,1.0
pn,0.717,0.0,1.0
pn,0.718,0.0,1.0
pn,0.719,0.0,1.0
pn,0.72,2.0,1.4142135623730951
pn,0.721,0.0,1.0
pn,0.722,0.0,1.0
pn,0.723,0.0,1.0
pn,0.724,0.0,1.0
pn,0.725,0.0,1.0
pn,0.726,0.0,1.0
pn,0.727,0.0,1.0
pn,0.728,0.0,1.0
pn,0.729,2.0,1.4142135623730951
pn,0.73,0.0,1.0
pn,0.731,0.0,1.0
pn,0.732,0.0,1.0
pn,0.733,0.0,1.0
pn,0.734,0.0,1.0
pn,0.735,0.0,1.0
pn,0.736,0.0,1.0
pn,0.737,0.0,1.0
pn,0.738,1.0,1.0
pn,0.739,1.0,1.0
pn,0.74,0.0,1.0
pn,0.741,0.0,1.0
pn,0.742,0.0,1.0
pn,0.743,0.0,1.0
pn,0.744,0.0,1.0
pn,0.745,1.0,1.0
pn,0.746,1.0,1.0
pn,0.747,0.0,1.0
pn,0.748,1.0,1.0
pn,0.749,1.0,1.0
pn,0.75,3.0,1.7320508075688772
pn,0.751,1.0,1.0
pn,0.752,0.0,1.0
pn,0.753,0.0,1.0
pn,0.754,0.0,1.0
pn,0.755,0.0,1.0
pn,0.756,1.0,1.0
pn,0.757,0.0,1.0
pn,0.758,0.0,1.0
pn,0.759,0.0,1.0
pn,0.76,0.0,1.0
pn,0.761,2.0,1.4142135623730951
pn,0.762,0.0,1.0
pn,0.763,0.0,1.0
pn,0.764,0.0,1.0
pn,0.765,1.0,1.0
pn,0.766,0.0,1.0
pn,0.767,0.0,1.0
pn,0.768,1.0,1.0
pn,0.769,0.0,1.0
pn,0.77,0.0,1.0
pn,0.771,1.0,1.0
pn,0.772,0.0,1.0
pn,0.773,0.0,1.0
pn,0.774,0.0,1.0
pn,0.775,0.0,1.0
pn,0.776,0.0,1.0
pn,0.777,0.0,1.0
pn,0.778,1.0,1.0
pn,0.779,0.0,1.0
pn,0.78,0.0,1.0
pn,0.781,1.0,1.0
pn,0.782,0.0,1.0
pn,0.783,0.0,1.0
pn,0.784,3.0,1.7320508075688772
pn,0.785,0.0,1.0
pn,0.786,0.0,1.0
pn,0.787,0.0,1.0
pn,0.788,1.0,1.0
pn,0.789,1.0,1.0
pn,0.79,1.0,1.0
pn,0.791,0.0,1.0
pn,0.792,0.0,1.0
pn,0.793,1.0,1.0
pn,0.794,0.0,1.0
pn,0.795,0.0,1.0
pn,0.796,1.0,1.0
pn,0.797,0.0,1.0
pn,0.798,1.0,1.0
pn,0.799,2.0,1.4142135623730951
pn,0.8,1.0,1.0
pn,0.801,0.0,1.0
pn,0.802,0.0,1.0
pn,0.803,0.0,1.0
pn,0.804,0.0,1.0
pn,0.805,0.0,1.0
pn,0.806,1.0,1.0
pn,0.807,0.0,1.0
pn,0.808,0.0,1.0
pn,0.809,2.0,1.4142135623730951
pn,0.81,0.0,1.0
pn,0.811,1.0,1.0
pn,0.812,0.0,1.0
pn,0.813,1.0,1.0
pn,0.814,0.0,1.0
pn,0.815,0.0,1.0
pn,0.816,0.0,1.0
pn,0.817,0.0,1.0
pn,0.818,0.0,1.0
pn,0.819,0.0,1.0
pn,0.82,1.0,1.0
pn,0.821,0.0,1.0
pn,0.822,0.0,1.0
pn,0.823,0.0,1.0
pn,0.824,0.0,1.0
pn,0.825,0.0,1.0
pn,0.826,0.0,1.0
pn,0.827,1.0,1.0
pn,0.828,0.0,1.0
pn,0.829,0.0,1.0
pn,0.83,1.0,1.0
pn,0.831,0.0,1.0
pn,0.832,0.0,1.0
pn,0.833,0.0,1.0
pn,0.834,0.0,1.0
pn,0.835,0.0,1.0
pn,0.836,0.0,1.0
pn,0.837,0.0,1.0
pn,0.838,1.0,1.0
pn,0.839,0.0,1.0
pn,0.84,0.0,1.0
pn,0.841,1.0,1.0
pn,0.842,1.0,1.0
pn,0.843,0.0,1.0
pn,0.844,1.0,1.0
pn,0.845,0.0,1.0
pn,0.846,1.0,1.0
pn,0.847,0.0,1.0
pn,0.848,0.0,1.0
pn,0.849,0.0,1.0
pn,0.85,1.0,1.0
pn,0.851,0.0,1.0
pn,0.852,0.0,1.0
pn,0.853,0.0,1.0
pn,0.854,0.0,1.0
pn,0.855,0.0,1.0
pn,0.856,0.0,1.0
pn,0.857,1.0,1.0
pn,0.858,0.0,1.0
pn,0.859,0.0,1.0
pn,0.86,0.0,1.0
pn,0.861,0.0,1.0
pn,0.862,0.0,1.0
pn,0.863,0.0,1.0
pn,0.864,0.0,1.0
pn,0.865,0.0,1.0
pn,0.866,0.0,1.0
pn,0.867,0.0,1.0
pn,0.868,0.0,1.0
pn,0.869,0.0,1.0
pn,0.87,0.0,1.0
pn,0.871,0.0,1.0
pn,0.872,0.0,1.0
pn,0.873,1.0,1.0
pn,0.874,0.0,1.0
pn,0.875,1.0,1.0
pn,0.876,0.0,1.0
pn,0.877,0.0,1.0
pn,0.878,0.0,1.0
pn,0.879,0.0,1.0
pn,0.88,0.0,1.0
pn,0.881,0.0,1.0
pn,0.882,0.0,1.0
pn,0.883,0.0,1.0
pn,0.884,0.0,1.0
pn,0.885,1.0,1.0
pn,0.886,0.0,1.0
pn,0.887,1.0,1.0
pn,0.888,1.0,1.0
pn,0.889,0.0,1.0
pn,0.89,1.0,1.0
pn,0.891,1.0,1.0
pn,0.892,0.0,1.0
pn,0.893,0.0,1.0
pn,0.894,0.0,1.0
pn,0.895,0.0,1.0
pn,0.896,0.0,1.0
pn,0.897,0.0,1.0
pn,0.898,0.0,1.0
pn,0.899,1.0,1.0
pn,0.9,0.0,1.0
pn,0.901,0.0,1.0
pn,0.902,0.0,1.0
pn,0.903,0.0,1.0
pn,0.904,0.0,1.0
pn,0.905,1.0,1.0
pn,0.906,0.0,1.0
pn,0.907,0.0,1.0
pn,0.908,1.0,1.0
pn,0.909,0.0,1.0
pn,0.91,0.0,1.0
pn,0.911,0.0,1.0
pn,0.912,1.0,1.0
pn,0.913,1.0,1.0
pn,0.914,1.0,1.0
pn,0.915,0.0,1.0
pn,0.916,0.0,1.0
pn,0.917,0.0,1.0
pn,0.918,0.0,1.0
pn,0.919,0.0,1.0
pn,0.92,0.0,1.0
pn,0.921,1.0,1.0
pn,0.922,0.0,1.0
pn,0.923,0.0,1.0
pn,0.924,0.0,1.0
pn,0.925,1.0,1.0
pn,0.926,0.0,1.0
pn,0.927,0.0,1.0
pn,0.928,1.0,1.0
pn,0.929,1.0,1.0
pn,0.93,1.0,1.0
pn,0.931,1.0,1.0
pn,0.932,0.0,1.0
pn,0.933,0.0,1.0
pn,0.934,0.0,1.0
pn,0.935,0.0,1.0
pn,0.936,1.0,1.0
pn,0.937,0.0,1.0
pn,0.938,0.0,1.0
pn,0.939,0.0,1.0
pn,0.94,1.0,1.0
pn,0.941,0.0,1.0
pn,0.942,0.0,1.0
pn,0.943,0.0,1.0
pn,0.944,0.0,1.0
pn,0.945,0.0,1.0
pn,0.946,0.0,1.0
pn,0.947,0.0,1.0
pn,0.948,1.0,1.0
pn,0.949,0.0,1.0
pn,0.95,0.0,1.0
pn,0.951,0.0,1.0
pn,0.952,0.0,1.0
pn,0.953,0.0,1.0
pn,0.954,1.0,1.0
pn,0.955,0.0,1.0
pn,0.956,0.0,1.0
pn,0.957,1.0,1.0
pn,0.958,1.0,1.0
pn,0.959,0.0,1.0
pn,0.96,0.0,1.0
pn,0.961,0.0,1.0
pn,0.962,0.0,1.0
pn,0.963,0.0,1.0
pn,0.964,0.0,1.0
pn,0.965,1.0,1.0
pn,0.966,0.0,1.0
pn,0.967,0.0,1.0
pn,0.968,0.0,1.0
pn,0.969,1.0,1.0
pn,0.97,0.0,1.0
pn,0.971,1.0,1.0
pn,0.972,0.0,1.0
pn,0.973,0.0,1.0
pn,0.974,0.0,1.0
pn,0.975,0.0,1.0
pn,0.976,0.0,1.0
pn,0.977,0.0,1.0
pn,0.978,0.0,1.0
pn,0.979,0.0,1.0
pn,0.98,0.0,1.0
pn,0.981,1.0,1.0
pn,0.982,0.0,1.0
pn,0.983,0.0,1.0
pn,0.984,0.0,1.0
pn,0.985,0.0,1.0
pn,0.986,0.0,1.0
pn,0.987,0.0,1.0
pn,0.988,0.0,1.0
pn,0.989,1.0,1.0
pn,0.99,0.0,1.0
pn,0.991,0.0,1.0
pn,0.992,1.0,1.0
pn,0.993,0.0,1.0
pn,0.994,0.0,1.0
pn,0.995,0.0,1.0
pn,0.996,0.0,1.0
pn,0.997,0.0,1.0
pn,0.998,0.0,1.0
pn,0.999,0.0,1.0
pn,1.0,0.0,1.0
pn,1.001,0.0,1.0
pn,1.002,0.0,1.0
pn,1.003,0.0,1.0
pn,1.004,0.0,1.0
pn,1.005,0.0,1.0
pn,1.006,0.0,1.0
pn,1.007,1.0,1.0
pn,1.008,1.0,1.0
pn,1.009,0.0,1.0
pn,1.01,0.0,1.0
pn,1.011,0.0,1.0
pn,1.012,0.0,1.0
pn,1.013,0.0,1.0
pn,1.014,2.0,1.4142135623730951
pn,1.015,0.0,1.0
pn,1.016,0.0,1.0
pn,1.017,0.0,1.0
pn,1.018,0.0,1.0
pn,1.019,1.0,1.0
pn,1.02,0.0,1.0
pn,1.021,0.0,1.0
pn,1.022,0.0,1.0
pn,1.023,0.0,1.0
pn,1.024,0.0,1.0
pn,1.025,0.0,1.0
pn,1.026,0.0,1.0
pn,1.027,0.0,1.0
pn,1.028,0.0,1.0
pn,1.029,0.0,1.0
pn,1.03,0.0,1.0
pn,1.031,0.0,1.0
pn,1.032,0.0,1.0
pn,1.033,0.0,1.0
pn,1.034,0.0,1.0
pn,1.035,0.0,1.0
pn,1.036,0.0,1.0
pn,1.037,0.0,1.0
pn,1.038,0.0,1.0
pn,1.039,0.0,1.0
pn,1.04,0.0,1.0
pn,1.041,0.0,1.0
pn,1.042,1.0,1.0
pn,1.043,1.0,1.0
pn,1.044,0.0,1.0
pn,1.045,1.0,1.0
pn,1.046,0.0,1.0
pn,1.047,0.0,1.0
pn,1.048,0.0,1.0
pn,1.049,0.0,1.0
pn,1.05,0.0,1.0
pn,1.051,0.0,1.0
pn,1.052,0.0,1.0
pn,1.053,0.0,1.0
pn,1.054,1.0,1.0
pn,1.055,0.0,1.0
pn,1.056,0.0,1.0
pn,1.057,1.0,1.0
pn,1.058,0.0,1.0
pn,1.059,0.0,1.0
pn,1.06,0.0,1.0
pn,1.061,0.0,1.0
pn,1.062,0.0,1.0
pn,1.063,0.0,1.0
pn,1.064,0.0,1.0
pn,1.065,0.0,1.0
pn,1.066,0.0,1.0
pn,1.067,0.0,1.0
pn,1.068,0.0,1.0
pn,1.069,1.0,1.0
pn,1.07,0.0,1.0
pn,1.071,0.0,1.0
pn,1.072,0.0,1.0
pn,1.073,0.0,1.0
pn,1.074,0.0,1.0
pn,1.075,0.0,1.0
pn,1.076,0.0,1.0
pn,1.077,0.0,1.0
pn,1.078,1.0,1.0
pn,1.079,0.0,1.0
pn,1.08,0.0,1.0
pn,1.081,0.0,1.0
pn,1.082,0.0,1.0
pn,1.083,0.0,1.0
pn,1.084,0.0,1.0
pn,1.085,0.0,1.0
pn,1.086,0.0,1.0
pn,1.087,1.0,1.0
pn,1.088,0.0,1.0
pn,1.089,0.0,1.0
pn,1.09,0.0,1.0
pn,1.091,0.0,1.0
pn,1.092,1.0,1.0
pn,1.093,1.0,1.0
pn,1.094,0.0,1.0
pn,1.095,0.0,1.0
pn,1.096,0.0,1.0
pn,1.097,1.0,1.0
pn,1.098,1.0,1.0
pn,1.099,1.0,1.0
pn,1.1,1.0,1.0
pn,1.101,1.0,1.0
pn,1.102,0.0,1.0
pn,1.103,0.0,1.0
pn,1.104,0.0,1.0
pn,1.105,0.0,1.0
pn,1.106,0.0,1.0
pn,1.107,0.0,1.0
pn,1.108,0.0,1.0
pn,1.109,0.0,1.0
pn,1.11,0.0,1.0
pn,1.111,0.0,1.0
pn,1.112,0.0,1.0
pn,1.113,0.0,1.0
pn,1.114,0.0,1.0
pn,1.115,0.0,1.0
pn,1.116,0.0,1.0
pn,1.117,0.0,1.0
pn,1.118,0.0,1.0
pn,1.119,0.0,1.0
pn,1.12,0.0,1.0
pn,1.121,0.0,1.0
pn,1.122,0.0,1.0
pn,1.123,0.0,1.0
pn,1.124,0.0,1.0
pn,1.125,0.0,1.0
pn,1.126,1.0,1.0
pn,1.127,0.0,1.0
pn,1.128,0.0,1.0
pn,1.129,0.0,1.0
pn,1.13,0.0,1.0
pn,1.131,0.0,1.0
pn,1.132,0.0,1.0
pn,1.133,0.0,1.0
pn,1.134,0.0,1.0
pn,1.135,0.0,1.0
pn,1.136,0.0,1.0
pn,1.137,0.0,1.0
pn,1.138,2.0,1.4142135623730951
pn,1.139,0.0,1.0
pn,1.14,0.0,1.0
pn,1.141,0.0,1.0
pn,1.142,0.0,1.0
pn,1.143,1.0,1.0
pn,1.144,1.0,1.0
pn,1.145,0.0,1.0
pn,1.146,0.0,1.0
pn,1.147,0.0,1.0
pn,1.148,0.0,1.0
pn,1.149,0.0,1.0
pn,1.15,1.0,1.0
pn,1.151,0.0,1.0
pn,1.152,0.0,1.0
pn,1.153,1.0,1.0
pn,1.154,0.0,1.0
pn,1.155,0.0,1.0
pn,1.156,1.0,1.0
pn,1.157,0.0,1.0
pn,1.158,0.0,1.0
pn,1.159,0.0,1.0
pn,1.16,1.0,1.0
pn,1.161,0.0,1.0
pn,1.162,0.0,1.0
pn,1.163,0.0,1.0
pn,1.164,0.0,1.0
pn,1.165,1.0,1.0
pn,1.166,1.0,1.0
pn,1.167,0.0,1.0
pn,1.168,1.0,1.0
pn,1.169,0.0,1.0
pn,1.17,0.0,1.0
pn,1.171,0.0,1.0
pn,1.172,1.0,1.0
pn,1.173,0.0,1.0
pn,1.174,0.0,1.0
pn,1.175,0.0,1.0
pn,1.176,0.0,1.0
pn,1.177,0.0,1.0
pn,1.178,0.0,1.0
pn,1.179,1.0,1.0
pn,1.18,0.0,1.0
pn,1.181,0.0,1.0
pn,1.182,1.0,1.0
pn,1.183,1.0,1.0
pn,1.184,0.0,1.0
pn,1.185,1.0,1.0
pn,1.186,0.0,1.0
pn,1.187,0.0,1.0
pn,1.188,1.0,1.0
pn,1.189,0.0,1.0
pn,1.19,0.0,1.0
pn,1.191,0.0,1.0
pn,1.192,0.0,1.0
pn,1.193,0.0,1.0
pn,1.194,0.0,1.0
pn,1.195,0.0,1.0
pn,1.196,0.0,1.0
pn,1.197,0.0,1.0
pn,1.198,0.0,1.0
pn,1.199,0.0,1.0
pn,1.2,1.0,1.0
pn,1.201,0.0,1.0
pn,1.202,0.0,1.0
pn,1.203,0.0,1.0
pn,1.204,0.0,1.0
pn,1.205,0.0,1.0
pn,1.206,1.0,1.0
pn,1.207,0.0,1.0
pn,1.208,0.0,1.0
pn,1.209,0.0,1.0
pn,1.21,0.0,1.0
pn,1.211,0.0,1.0
pn,1.212,0.0,1.0
pn,1.213,0.0,1.0
pn,1.214,1.0,1.0
pn,1.215,0.0,1.0
pn,1.216,0.0,1.0
pn,1.217,0.0,1.0
pn,1.218,0.0,1.0
pn,1.219,0.0,1.0
pn,1.22,0.0,1.0
pn,1.221,0.0,1.0
pn,1.222,0.0,1.0
pn,1.223,0.0,1.0
pn,1.224,0.0,1.0
pn,1.225,0.0,1.0
pn,1.226,0.0,1.0
pn,1.227,0.0,1.0
pn,1.228,0.0,1.0
pn,1.229,0.0,1.0
pn,1.23,0.0,1.0
pn,1.231,0.0,1.0
pn,1.232,0.0,1.0
pn,1.233,0.0,1.0
pn,1.234,0.0,1.0
pn,1.235,0.0,1.0
pn,1.236,0.0,1.0
pn,1.237,0.0,1.0
pn,1.238,0.0,1.0
pn,1.239,0.0,1.0
pn,1.24,0.0,1.0
pn,1.241,0.0,1.0
pn,1.242,1.0,1.0
pn,1.243,2.0,1.4142135623730951
pn,1.244,0.0,1.0
pn,1.245,0.0,1.0
pn,1.246,1.0,1.0
pn,1.247,0.0,1.0
pn,1.248,0.0,1.0
pn,1.249,0.0,1.0
pn,1.25,0.0,1.0
pn,1.251,0.0,1.0
pn,1.252,1.0,1.0
pn,1.253,1.0,1.0
pn,1.254,0.0,1.0
pn,1.255,0.0,1.0
pn,1.256,0.0,1.0
pn,1.257,1.0,1.0
pn,1.258,0.0,1.0
pn,1.259,0.0,1.0
pn,1.26,0.0,1.0
pn,1.261,0.0,1.0
pn,1.262,0.0,1.0
pn,1.263,0.0,1.0
pn,1.264,0.0,1.0
pn,1.265,0.0,1.0
pn,1.266,0.0,1.0
pn,1.267,0.0,1.0
pn,1.268,0.0,1.0
pn,1.269,0.0,1.0
pn,1.27,0.0,1.0
pn,1.271,0.0,1.0
pn,1.272,0.0,1.0
pn,1.273,0.0,1.0
pn,1.274,0.0,1.0
pn,1.275,0.0,1.0
pn,1.276,0.0,1.0
pn,1.277,0.0,1.0
pn,1.278,0.0,1.0
pn,1.279,0.0,1.0
pn,1.28,0.0,1.0
pn,1.281,1.0,1.0
pn,1.282,0.0,1.0
pn,1.283,0.0,1.0
pn,1.284,0.0,1.0
pn,1.285,0.0,1.0
pn,1.286,0.0,1.0
pn,1.287,0.0,1.0
pn,1.288,0.0,1.0
pn,1.289,1.0,1.0
pn,1.29,0.0,1.0
pn,1.291,1.0,1.0
pn,1.292,0.0,1.0
pn,1.293,0.0,1.0
pn,1.294,0.0,1.0
pn,1.295,0.0,1.0
pn,1.296,0.0,1.0
pn,1.297,0.0,1.0
pn,1.298,0.0,1.0
pn,1.299,0.0,1.0
pn,1.3,1.0,1.0
pn,1.301,1.0,1.0
pn,1.302,0.0,1.0
pn,1.303,0.0,1.0
pn,1.304,1.0,1.0
pn,1.305,0.0,1.0
pn,1.306,0.0,1.0
pn,1.307,0.0,1.0
pn,1.308,0.0,1.0
pn,1.309,2.0,1.4142135623730951
pn,1.31,0.0,1.0
pn,1.311,0.0,1.0
pn,1.312,1.0,1.0
pn,1.313,0.0,1.0
pn,1.314,0.0,1.0
pn,1.315,0.0,1.0
pn,1.316,1.0,1.0
pn,1.317,0.0,1.0
pn,1.318,0.0,1.0
pn,1.319,0.0,1.0
pn,1.32,0.0,1.0
pn,1.321,0.0,1.0
pn,1.322,0.0,1.0
pn,1.323,1.0,1.0
pn,1.324,0.0,1.0
pn,1.325,0.0,1.0
pn,1.326,0.0,1.0
pn,1.327,0.0,1.0
pn,1.328,0.0,1.0
pn,1.329,0.0,1.0
pn,1.33,0.0,1.0
pn,1.331,0.0,1.0
pn,1.332,0.0,1.0
pn,1.333,1.0,1.0
pn,1.334,0.0,1.0
pn,1.335,0.0,1.0
pn,1.336,0.0,1.0
pn,1.337,1.0,1.0
pn,1.338,0.0,1.0
pn,1.339,0.0,1.0
pn,1.34,0.0,1.0
pn,1.341,0.0,1.0
pn,1.342,0.0,1.0
pn,1.343,0.0,1.0
pn,1.344,1.0,1.0
pn,1.345,0.0,1.0
pn,1.346,0.0,1.0
pn,1.347,0.0,1.0
pn,1.348,0.0,1.0
pn,1.349,0.0,1.0
pn,1.35,0.0,1.0
pn,1.351,0.0,1.0
pn,1.352,0.0,1.0
pn,1.353,0.0,1.0
pn,1.354,0.0,1.0
pn,1.355,0.0,1.0
pn,1.356,0.0,1.0
pn,1.357,0.0,1.0
pn,1.358,0.0,1.0
pn,1.359,0.0,1.0
pn,1.36,1.0,1.0
pn,1.361,0.0,1.0
pn,1.362,0.0,1.0
pn,1.363,0.0,1.0
pn,1.364,0.0,1.0
pn,1.365,0.0,1.0
pn,1.366,0.0,1.0
pn,1.367,0.0,1.0
pn,1.368,0.0,1.0
pn,1.369,0.0,1.0
pn,1.37,0.0,1.0
pn,1.371,0.0,1.0
pn,1.372,0.0,1.0
pn,1.373,0.0,1.0
pn,1.374,0.0,1.0
pn,1.375,0.0,1.0
pn,1.376,0.0,1.0
pn,1.377,0.0,1.0
pn,1.378,0.0,1.0
pn,1.379,0.0,1.0
pn,1.38,0.0,1.0
pn,1.381,0.0,1.0
pn,1.382,0.0,1.0
pn,1.383,0.0,1.0
pn,1.384,0.0,1.0
pn,1.385,0.0,1.0
pn,1.386,1.0,1.0
pn,1.387,0.0,1.0
pn,1.388,0.0,1.0
pn,1.389,0.0,1.0
pn,1.39,0.0,1.0
pn,1.391,0.0,1.0
pn,1.392,0.0,1.0
pn,1.393,0.0,1.0
pn,1.394,1.0,1.0
pn,1.395,1.0,1.0
pn,1.396,1.0,1.0
pn,1.397,1.0,1.0
pn,1.398,0.0,1.0
pn,1.399,0.0,1.0
pn,1.4,0.0,1.0
pn,1.401,0.0,1.0
pn,1.402,0.0,1.0
pn,1.403,0.0,1.0
pn,1.404,0.0,1.0
pn,1.405,0.0,1.0
pn,1.406,0.0,1.0
pn,1.407,0.0,1.0
pn,1.408,0.0,1.0
pn,1.409,0.0,1.0
pn,1.41,0.0,1.0
pn,1.411,0.0,1.0
pn,1.412,0.0,1.0
pn,1.413,0.0,1.0
pn,1.414,2.0,1.4142135623730951
pn,1.415,1.0,1.0
pn,1.416,0.0,1.0
pn,1.417,0.0,1.0
pn,1.418,0.0,1.0
pn,1.419,0.0,1.0
pn,1.42,0.0,1.0
pn,1.421,0.0,1.0
pn,1.422,0.0,1.0
pn,1.423,0.0,1.0
pn,1.424,0.0,1.0
pn,1.425,0.0,1.0
pn,1.426,0.0,1.0
pn,1.427,0.0,1.0
pn,1.428,0.0,1.0
pn,1.429,0.0,1.0
pn,1.43,0.0,1.0
pn,1.431,0.0,1.0
pn,1.432,0.0,1.0
pn,1.433,0.0,1.0
pn,1.434,0.0,1.0
pn,1.435,0.0,1.0
pn,1.436,0.0,1.0
pn,1.437,0.0,1.0
pn,1.438,0.0,1.0
pn,1.439,1.0,1.0
pn,1.44,0.0,1.0
pn,1.441,0.0,1.0
pn,1.442,0.0,1.0
pn,1.443,0.0,1.0
pn,1.444,0.0,1.0
pn,1.445,0.0,1.0
pn,1.446,0.0,1.0
pn,1.447,0.0,1.0
pn,1.448,1.0,1.0
pn,1.449,2.0,1.4142135623730951
pn,1.45,0.0,1.0
pn,1.451,0.0,1.0
pn,1.452,0.0,1.0
pn,1.453,0.0,1.0
pn,1.454,0.0,1.0
pn,1.455,1.0,1.0
pn,1.456,0.0,1.0
pn,1.457,0.0,1.0
pn,1.458,0.0,1.0
pn,1.459,0.0,1.0
pn,1.46,0.0,1.0
pn,1.461,0.0,1.0
pn,1.462,0.0,1.0
pn,1.463,1.0,1.0
pn,1.464,1.0,1.0
pn,1.465,1.0,1.0
pn,1.466,0.0,1.0
pn,1.467,0.0,1.0
pn,1.468,0.0,1.0
pn,1.469,1.0,1.0
pn,1.47,0.0,1.0
pn,1.471,0.0,1.0
pn,1.472,0.0,1.0
pn,1.473,0.0,1.0
pn,1.474,0.0,1.0
pn,1.475,0.0,1.0
pn,1.476,1.0,1.0
pn,1.477,0.0,1.0
pn,1.478,1.0,1.0
pn,1.479,1.0,1.0
pn,1.48,0.0,1.0
pn,1.481,1.0,1.0
pn,1.482,0.0,1.0
pn,1.483,0.0,1.0
pn,1.484,0.0,1.0
pn,1.485,0.0,1.0
pn,1.486,0.0,1.0
pn,1.487,0.0,1.0
pn,1.488,0.0,1.0
pn,1.489,0.0,1.0
pn,1.49,0.0,1.0
pn,1.491,0.0,1.0
pn,1.492,0.0,1.0
pn,1.493,0.0,1.0
pn,1.494,0.0,1.0
pn,1.495,0.0,1.0
pn,1.496,0.0,1.0
pn,1.497,0.0,1.0
pn,1.498,0.0,1.0
pn,1.499,0.0,1.0
pn,1.5,1.0,1.0
pn,1.501,0.0,1.0
pn,1.502,0.0,1.0
pn,1.503,0.0,1.0
pn,1.504,0.0,1.0
pn,1.505,1.0,1.0
pn,1.506,0.0,1.0
pn,1.507,1.0,1.0
pn,1.508,0.0,1.0
pn,1.509,0.0,1.0
pn,1.51,0.0,1.0
pn,1.511,0.0,1.0
pn,1.512,0.0,1.0
pn,1.513,0.0,1.0
pn,1.514,0.0,1.0
pn,1.515,0.0,1.0
pn,1.516,0.0,1.0
pn,1.517,0.0,1.0
pn,1.518,0.0,1.0
pn,1.519,0.0,1.0
pn,1.52,0.0,1.0
pn,1.521,0.0,1.0
pn,1.522,0.0,1.0
pn,1.523,0.0,1.0
pn,1.524,0.0,1.0
pn,1.525,0.0,1.0
pn,1.526,0.0,1.0
pn,1.527,0.0,1.0
pn,1.528,0.0,1.0
pn,1.529,0.0,1.0
pn,1.53,0.0,1.0
pn,1.531,0.0,1.0
pn,1.532,0.0,1.0
pn,1.533,1.0,1.0
pn,1.534,1.0,1.0
pn,1.535,0.0,1.0
pn,1.536,0.0,1.0
pn,1.537,0.0,1.0
pn,1.538,0.0,1.0
pn,1.539,0.0,1.0
pn,1.54,0.0,1.0
pn,1.541,0.0,1.0
pn,1.542,0.0,1.0
pn,1.543,0.0,1.0
pn,1.544,0.0,1.0
pn,1.545,0.0,1.0
pn,1.546,0.0,1.0
pn,1.547,0.0,1.0
pn,1.548,0.0,1.0
pn,1.549,0.0,1.0
pn,1.55,0.0,1.0
pn,1.551,0.0,1.0
pn,1.552,0.0,1.0
pn,1.553,0.0,1.0
pn,1.554,0.0,1.0
pn,1.555,0.0,1.0
pn,1.556,0.0,1.0
pn,1.557,0.0,1.0
pn,1.558,0.0,1.0
pn,1.559,0.0,1.0
pn,1.56,0.0,1.0
pn,1.561,0.0,1.0
pn,1.562,0.0,1.0
pn,1.563,0.0,1.0
pn,1.564,0.0,1.0
pn,1.565,0.0,1.0
pn,1.566,0.0,1.0
pn,1.567,0.0,1.0
pn,1.568,0.0,1.0
pn,1.569,0.0,1.0
pn,1.57,0.0,1.0
pn,1.571,0.0,1.0
pn,1.572,1.0,1.0
pn,1.573,0.0,1.0
pn,1.574,0.0,1.0
pn,1.575,0.0,1.0
pn,1.576,0.0,1.0
pn,1.577,1.0,1.0
pn,1.578,0.0,1.0
pn,1.579,0.0,1.0
pn,1.58,1.0,1.0
pn,1.581,0.0,1.0
pn,1.582,0.0,1.0
pn,1.583,1.0,1.0
pn,1.584,0.0,1.0
pn,1.585,1.0,1.0
pn,1.586,1.0,1.0
pn,1.587,0.0,1.0
pn,1.588,0.0,1.0
pn,1.589,0.0,1.0
pn,1.59,0.0,1.0
pn,1.591,1.0,1.0
pn,1.592,0.0,1.0
pn,1.593,0.0,1.0
pn,1.594,0.0,1.0
pn,1.595,0.0,1.0
pn,1.596,0.0,1.0
pn,1.597,0.0,1.0
pn,1.598,1.0,1.0
pn,1.599,0.0,1.0
pn,1.6,1.0,1.0
pn,1.601,1.0,1.0
pn,1.602,1.0,1.0
pn,1.603,1.0,1.0
pn,1.604,0.0,1.0
pn,1.605,0.0,1.0
pn,1.606,2.0,1.4142135623730951
pn,1.607,0.0,1.0
pn,1.608,0.0,1.0
pn,1.609,1.0,1.0
pn,1.61,3.0,1.7320508075688772
pn,1.611,1.0,1.0
pn,1.612,1.0,1.0
pn,1.613,2.0,1.4142135623730951
pn,1.614,3.0,1.7320508075688772
pn,1.615,0.0,1.0
pn,1.616,1.0,1.0
pn,1.617,0.0,1.0
pn,1.618,1.0,1.0
pn,1.619,0.0,1.0
pn,1.62,2.0,1.4142135623730951
pn,1.621,2.0,1.4142135623730951
pn,1.622,1.0,1.0
pn,1.623,2.0,1.4142135623730951
pn,1.624,0.0,1.0
pn,1.625,2.0,1.4142135623730951
pn,1.626,0.0,1.0
pn,1.627,3.0,1.7320508075688772
pn,1.628,0.0,1.0
pn,1.629,0.0,1.0
pn,1.63,1.0,1.0
pn,1.631,1.0,1.0
pn,1.632,0.0,1.0
pn,1.633,0.0,1.0
pn,1.634,2.0,1.4142135623730951
pn,1.635,0.0,1.0
pn,1.636,0.0,1.0
pn,1.637,0.0,1.0
pn,1.638,0.0,1.0
pn,1.639,0.0,1.0
pn,1.64,0.0,1.0
pn,1.641,0.0,1.0
pn,1.642,1.0,1.0
pn,1.643,0.0,1.0
pn,1.644,1.0,1.0
pn,1.645,0.0,1.0
pn,1.646,0.0,1.0
pn,1.647,0.0,1.0
pn,1.648,1.0,1.0
pn,1.649,0.0,1.0
pn,1.65,1.0,1.0
pn,1.651,0.0,1.0
pn,1.652,0.0,1.0
pn,1.653,0.0,1.0
pn,1.654,0.0,1.0
pn,1.655,0.0,1.0
pn,1.656,0.0,1.0
pn,1.657,1.0,1.0
pn,1.658,0.0,1.0
pn,1.659,1.0,1.0
pn,1.66,0.0,1.0
pn,1.661,1.0,1.0
pn,1.662,0.0,1.0
pn,1.663,0.0,1.0
pn,1.664,0.0,1.0
pn,1.665,0.0,1.0
pn,1.666,0.0,1.0
pn,1.667,0.0,1.0
pn,1.668,0.0,1.0
pn,1.669,0.0,1.0
pn,1.67,0.0,1.0
pn,1.671,0.0,1.0
pn,1.672,0.0,1.0
pn,1.673,0.0,1.0
pn,1.674,0.0,1.0
pn,1.675,0.0,1.0
pn,1.676,0.0,1.0
pn,1.677,1.0,1.0
pn,1.678,0.0,1.0
pn,1.679,0.0,1.0
pn,1.68,0.0,1.0
pn,1.681,0.0,1.0
pn,1.682,0.0,1.0
pn,1.683,0.0,1.0
pn,1.684,0.0,1.0
pn,1.685,0.0,1.0
pn,1.686,0.0,1.0
pn,1.687,0.0,1.0
pn,1.688,0.0,1.0
pn,1.689,0.0,1.0
pn,1.69,0.0,1.0
pn,1.691,0.0,1.0
pn,1.692,0.0,1.0
pn,1.693,0.0,1.0
pn,1.694,0.0,1.0
pn,1.695,0.0,1.0
pn,1.696,0.0,1.0
pn,1.697,0.0,1.0
pn,1.698,0.0,1.0
pn,1.699,0.0,1.0
pn,1.7,0.0,1.0
pn,1.701,0.0,1.0
pn,1.702,1.0,1.0
pn,1.703,0.0,1.0
pn,1.704,0.0,1.0
pn,1.705,0.0,1.0
pn,1.706,0.0,1.0
pn,1.707,1.0,1.0
pn,1.708,0.0,1.0
pn,1.709,0.0,1.0
pn,1.71,0.0,1.0
pn,1.711,0.0,1.0
pn,1.712,0.0,1.0
pn,1.713,0.0,1.0
pn,1.714,0.0,1.0
pn,1.715,1.0,1.0
pn,1.716,0.0,1.0
pn,1.717,0.0,1.0
pn,1.718,0.0,1.0
pn,1.719,0.0,1.0
pn,1.72,0.0,1.0
pn,1.721,0.0,1.0
pn,1.722,0.0,1.0
pn,1.723,1.0,1.0
pn,1.724,0.0,1.0
pn,1.725,0.0,1.0
pn,1.726,0.0,1.0
pn,1.727,0.0,1.0
pn,1.728,1.0,1.0
pn,1.729,0.0,1.0
pn,1.73,0.0,1.0
pn,1.731,1.0,1.0
pn,1.732,0.0,1.0
pn,1.733,1.0,1.0
pn,1.734,0.0,1.0
pn,1.735,0.0,1.0
pn,1.736,0.0,1.0
pn,1.737,1.0,1.0
pn,1.738,1.0,1.0
pn,1.739,1.0,1.0
pn,1.74,0.0,1.0
pn,1.741,0.0,1.0
pn,1.742,0.0,1.0
pn,1.743,1.0,1.0
pn,1.744,0.0,1.0
pn,1.745,0.0,1.0
pn,1.746,1.0,1.0
pn,1.747,0.0,1.0
pn,1.748,0.0,1.0
pn,1.749,0.0,1.0
pn,1.75,0.0,1.0
pn,1.751,0.0,1.0
pn,1.752,0.0,1.0
pn,1.753,1.0,1.0
pn,1.754,0.0,1.0
pn,1.755,2.0,1.4142135623730951
pn,1.756,0.0,1.0
pn,1.757,0.0,1.0
pn,1.758,0.0,1.0
pn,1.759,0.0,1.0
pn,1.76,0.0,1.0
pn,1.761,2.0,1.4142135623730951
pn,1.762,0.0,1.0
pn,1.763,0.0,1.0
pn,1.764,0.0,1.0
pn,1.765,0.0,1.0
pn,1.766,0.0,1.0
pn,1.767,1.0,1.0
pn,1.768,0.0,1.0
pn,1.769,1.0,1.0
pn,1.77,0.0,1.0
pn,1.771,0.0,1.0
pn,1.772,0.0,1.0
pn,1.773,0.0,1.0
pn,1.774,0.0,1.0
pn,1.775,0.0,1.0
pn,1.776,0.0,1.0
pn,1.777,0.0,1.0
pn,1.778,0.0,1.0
pn,1.779,0.0,1.0
pn,1.78,0.0,1.0
pn,1.781,0.0,1.0
pn,1.782,0.0,1.0
pn,1.783,0.0,1.0
pn,1.784,0.0,1.0
pn,1.785,0.0,1.0
pn,1.786,0.0,1.0
pn,1.787,1.0,1.0
pn,1.788,0.0,1.0
pn,1.789,0.0,1.0
pn,1.79,0.0,1.0
pn,1.791,0.0,1.0
pn,1.792,0.0,1.0
pn,1.793,1.0,1.0
pn,1.794,0.0,1.0
pn,1.795,1.0,1.0
pn,1.796,0.0,1.0
pn,1.797,0.0,1.0
pn,1.798,0.0,1.0
pn,1.799,0.0,1.0
pn,1.8,0.0,1.0
pn,1.801,0.0,1.0
pn,1.802,0.0,1.0
pn,1.803,0.0,1.0
pn,1.804,0.0,1.0
pn,1.805,1.0,1.0
pn,1.806,0.0,1.0
pn,1.807,0.0,1.0
pn,1.808,0.0,1.0
pn,1.809,0.0,1.0
pn,1.81,0.0,1.0
pn,1.811,0.0,1.0
pn,1.812,0.0,1.0
pn,1.813,0.0,1.0
pn,1.814,0.0,1.0
pn,1.815,0.0,1.0
pn,1.816,0.0,1.0
pn,1.817,1.0,1.0
pn,1.818,0.0,1.0
pn,1.819,1.0,1.0
pn,1.82,0.0,1.0
pn,1.821,0.0,1.0
pn,1.822,0.0,1.0
pn,1.823,0.0,1.0
pn,1.824,0.0,1.0
pn,1.825,0.0,1.0
pn,1.826,1.0,1.0
pn,1.827,0.0,1.0
pn,1.828,0.0,1.0
pn,1.829,1.0,1.0
pn,1.83,0.0,1.0
pn,1.831,0.0,1.0
pn,1.832,0.0,1.0
pn,1.833,0.0,1.0
pn,1.834,0.0,1.0
pn,1.835,0.0,1.0
pn,1.836,0.0,1.0
pn,1.837,0.0,1.0
pn,1.838,0.0,1.0
pn,1.839,1.0,1.0
pn,1.84,0.0,1.0
pn,1.841,0.0,1.0
pn,1.842,0.0,1.0
pn,1.843,0.0,1.0
pn,1.844,0.0,1.0
pn,1.845,0.0,1.0
pn,1.846,0.0,1.0
pn,1.847,0.0,1.0
pn,1.848,0.0,1.0
pn,1.849,0.0,1.0
pn,1.85,1.0,1.0
pn,1.851,0.0,1.0
pn,1.852,0.0,1.0
pn,1.853,0.0,1.0
pn,1.854,0.0,1.0
pn,1.855,0.0,1.0
pn,1.856,0.0,1.0
pn,1.857,0.0,1.0
pn,1.858,0.0,1.0
pn,1.859,0.0,1.0
pn,1.86,0.0,1.0
pn,1.861,0.0,1.0
pn,1.862,1.0,1.0
pn,1.863,0.0,1.0
pn,1.864,0.0,1.0
pn,1.865,0.0,1.0
pn,1.866,0.0,1.0
pn,1.867,0.0,1.0
pn,1.868,0.0,1.0
pn,1.869,0.0,1.0
pn,1.87,0.0,1.0
pn,1.871,0.0,1.0
pn,1.872,0.0,1.0
pn,1.873,0.0,1.0
pn,1.874,0.0,1.0
pn,1.875,0.0,1.0
pn,1.876,0.0,1.0
pn,1.877,0.0,1.0
pn,1.878,0.0,1.0
pn,1.879,0.0,1.0
pn,1.88,0.0,1.0
pn,1.881,0.0,1.0
pn,1.882,0.0,1.0
pn,1.883,0.0,1.0
pn,1.884,0.0,1.0
pn,1.885,0.0,1.0
pn,1.886,0.0,1.0
pn,1.887,0.0,1.0
pn,1.888,0.0,1.0
pn,1.889,0.0,1.0
pn,1.89,0.0,1.0
pn,1.891,0.0,1.0
pn,1.892,0.0,1.0
pn,1.893,0.0,1.0
pn,1.894,0.0,1.0
pn,1.895,0.0,1.0
pn,1.896,0.0,1.0
pn,1.897,0.0,1.0
pn,1.898,0.0,1.0
pn,1.899,0.0,1.0
pn,1.9,0.0,1.0
pn,1.901,0.0,1.0
pn,1.902,1.0,1.0
pn,1.903,0.0,1.0
pn,1.904,0.0,1.0
pn,1.905,0.0,1.0
pn,1.906,0.0,1.0
pn,1.907,0.0,1.0
pn,1.908,0.0,1.0
pn,1.909,0.0,1.0
pn,1.91,0.0,1.0
pn,1.911,0.0,1.0
pn,1.912,0.0,1.0
pn,1.913,0.0,1.0
pn,1.914,1.0,1.0
pn,1.915,0.0,1.0
pn,1.916,0.0,1.0
pn,1.917,0.0,1.0
pn,1.918,0.0,1.0
pn,1.919,0.0,1.0
pn,1.92,0.0,1.0
pn,1.921,1.0,1.0
pn,1.922,0.0,1.0
pn,1.923,0.0,1.0
pn,1.924,0.0,1.0
pn,1.925,0.0,1.0
pn,1.926,0.0,1.0
pn,1.927,0.0,1.0
pn,1.928,0.0,1.0
pn,1.929,1.0,1.0
pn,1.93,0.0,1.0
pn,1.931,0.0,1.0
pn,1.932,0.0,1.0
pn,1.933,0.0,1.0
pn,1.934,0.0,1.0
pn,1.935,0.0,1.0
pn,1.936,0.0,1.0
pn,1.937,0.0,1.0
pn,1.938,0.0,1.0
pn,1.939,0.0,1.0
pn,1.94,1.0,1.0
pn,1.941,0.0,1.0
pn,1.942,0.0,1.0
pn,1.943,0.0,1.0
pn,1.944,0.0,1.0
pn,1.945,0.0,1.0
pn,1.946,0.0,1.0
pn,1.947,0.0,1.0
pn,1.948,0.0,1.0
pn,1.949,0.0,1.0
pn,1.95,0.0,1.0
pn,1.951,0.0,1.0
pn,1.952,0.0,1.0
pn,1.953,0.0,1.0
pn,1.954,0.0,1.0
pn,1.955,0.0,1.0
pn,1.956,0.0,1.0
pn,1.957,0.0,1.0
pn,1.958,0.0,1.0
pn,1.959,0.0,1.0
pn,1.96,0.0,1.0
pn,1.961,0.0,1.0
pn,1.962,0.0,1.0
pn,1.963,0.0,1.0
pn,1.964,0.0,1.0
pn,1.965,0.0,1.0
pn,1.966,0.0,1.0
pn,1.967,1.0,1.0
pn,1.968,0.0,1.0
pn,1.969,0.0,1.0
pn,1.97,1.0,1.0
pn,1.971,0.0,1.0
pn,1.972,0.0,1.0
pn,1.973,0.0,1.0
pn,1.974,0.0,1.0
pn,1.975,1.0,1.0
pn,1.976,0.0,1.0
pn,1.977,0.0,1.0
pn,1.978,1.0,1.0
pn,1.979,0.0,1.0
pn,1.98,0.0,1.0
pn,1.981,0.0,1.0
pn,1.982,0.0,1.0
pn,1.983,1.0,1.0
pn,1.984,0.0,1.0
pn,1.985,0.0,1.0
pn,1.986,0.0,1.0
pn,1.987,0.0,1.0
pn,1.988,0.0,1.0
pn,1.989,0.0,1.0
pn,1.99,0.0,1.0
pn,1.991,0.0,1.0
pn,1.992,0.0,1.0
pn,1.993,0.0,1.0
pn,1.994,0.0,1.0
pn,1.995,0.0,1.0
pn,1.996,0.0,1.0
pn,1.997,0.0,1.0
pn,1.998,0.0,1.0
pn,1.999,0.0,1.0
pn,2.0,0.0,1.0
pn,2.001,0.0,1.0
pn,2.002,1.0,1.0
pn,2.003,0.0,1.0
pn,2.004,0.0,1.0
pn,2.005,0.0,1.0
pn,2.006,0.0,1.0
pn,2.007,2.0,1.4142135623730951
pn,2.008,0.0,1.0
pn,2.009,0.0,1.0
pn,2.01,0.0,1.0
pn,2.011,0.0,1.0
pn,2.012,0.0,1.0
pn,2.013,0.0,1.0
pn,2.014,0.0,1.0
pn,2.015,0.0,1.0
pn,2.016,0.0,1.0
pn,2.017,1.0,1.0
pn,2.018,1.0,1.0
pn,2.019,0.0,1.0
pn,2.02,0.0,1.0
pn,2.021,0.0,1.0
pn,2.022,1.0,1.0
pn,2.023,0.0,1.0
pn,2.024,0.0,1.0
pn,2.025,0.0,1.0
pn,2.026,0.0,1.0
pn,2.027,0.0,1.0
pn,2.028,0.0,1.0
pn,2.029,1.0,1.0
pn,2.03,0.0,1.0
pn,2.031,0.0,1.0
pn,2.032,0.0,1.0
pn,2.033,0.0,1.0
pn,2.034,0.0,1.0
pn,2.035,0.0,1.0
pn,2.036,0.0,1.0
pn,2.037,0.0,1.0
pn,2.038,0.0,1.0
pn,2.039,0.0,1.0
pn,2.04,0.0,1.0
pn,2.041,0.0,1.0
pn,2.042,0.0,1.0
pn,2.043,0.0,1.0
pn,2.044,0.0,1.0
pn,2.045,0.0,1.0
pn,2.046,0.0,1.0
pn,2.047,0.0,1.0
pn,2.048,0.0,1.0
pn,2.049,0.0,1.0
pn,2.05,0.0,1.0
pn,2.051,0.0,1.0
pn,2.052,0.0,1.0
pn,2.053,0.0,1.0
pn,2.054,0.0,1.0
pn,2.055,0.0,1.0
pn,2.056,0.0,1.0
pn,2.057,0.0,1.0
pn,2.058,0.0,1.0
pn,2.059,0.0,1.0
pn,2.06,1.0,1.0
pn,2.061,0.0,1.0
pn,2.062,0.0,1.0
pn,2.063,0.0,1.0
pn,2.064,1.0,1.0
pn,2.065,0.0,1.0
pn,2.066,0.0,1.0
pn,2.067,0.0,1.0
pn,2.068,0.0,1.0
pn,2.069,0.0,1.0
pn,2.07,0.0,1.0
pn,2.071,0.0,1.0
pn,2.072,0.0,1.0
pn,2.073,0.0,1.0
pn,2.074,0.0,1.0
pn,2.075,0.0,1.0
pn,2.076,0.0,1.0
pn,2.077,0.0,1.0
pn,2.078,0.0,1.0
pn,2.079,0.0,1.0
pn,2.08,0.0,1.0
pn,2.081,0.0,1.0
pn,2.082,0.0,1.0
pn,2.083,0.0,1.0
pn,2.084,0.0,1.0
pn,2.085,0.0,1.0
pn,2.086,1.0,1.0
pn,2.087,0.0,1.0
pn,2.088,0.0,1.0
pn,2.089,0.0,1.0
pn,2.09,0.0,1.0
pn,2.091,0.0,1.0
pn,2.092,0.0,1.0
pn,2.093,0.0,1.0
pn,2.094,0.0,1.0
pn,2.095,0.0,1.0
pn,2.096,0.0,1.0
pn,2.097,0.0,1.0
pn,2.098,0.0,1.0
pn,2.099,0.0,1.0
pn,2.1,0.0,1.0
pn,2.101,0.0,1.0
pn,2.102,1.0,1.0
pn,2.103,0.0,1.0
pn,2.104,0.0,1.0
pn,2.105,1.0,1.0
pn,2.106,0.0,1.0
pn,2.107,0.0,1.0
pn,2.108,0.0,1.0
pn,2.109,0.0,1.0
pn,2.11,0.0,1.0
pn,2.111,0.0,1.0
pn,2.112,0.0,1.0
pn,2.113,0.0,1.0
pn,2.114,0.0,1.0
pn,2.115,0.0,1.0
pn,2.116,0.0,1.0
pn,2.117,0.0,1.0
pn,2.118,1.0,1.0
pn,2.119,1.0,1.0
pn,2.12,0.0,1.0
pn,2.121,0.0,1.0
pn,2.122,0.0,1.0
pn,2.123,0.0,1.0
pn,2.124,0.0,1.0
pn,2.125,0.0,1.0
pn,2.126,0.0,1.0
pn,2.127,0.0,1.0
pn,2.128,1.0,1.0
pn,2.129,1.0,1.0
pn,2.13,0.0,1.0
pn,2.131,0.0,1.0
pn,2.132,0.0,1.0
pn,2.133,0.0,1.0
pn,2.134,0.0,1.0
pn,2.135,0.0,1.0
pn,2.136,0.0,1.0
pn,2.137,2.0,1.4142135623730951
pn,2.138,0.0,1.0
pn,2.139,0.0,1.0
pn,2.14,0.0,1.0
pn,2.141,0.0,1.0
pn,2.142,0.0,1.0
pn,2.143,0.0,1.0
pn,2.144,0.0,1.0
pn,2.145,0.0,1.0
pn,2.146,0.0,1.0
pn,2.147,0.0,1.0
pn,2.148,0.0,1.0
pn,2.149,0.0,1.0
pn,2.15,0.0,1.0
pn,2.151,0.0,1.0
pn,2.152,0.0,1.0
pn,2.153,0.0,1.0
pn,2.154,0.0,1.0
pn,2.155,0.0,1.0
pn,2.156,0.0,1.0
pn,2.157,0.0,1.0
pn,2.158,0.0,1.0
pn,2.159,0.0,1.0
pn,2.16,0.0,1.0
pn,2.161,0.0,1.0
pn,2.162,0.0,1.0
pn,2.163,0.0,1.0
pn,2.164,0.0,1.0
pn,2.165,0.0,1.0
pn,2.166,0.0,1.0
pn,2.167,0.0,1.0
pn,2.168,0.0,1.0
pn,2.169,0.0,1.0
pn,2.17,0.0,1.0
pn,2.171,0.0,1.0
pn,2.172,0.0,1.0
pn,2.173,0.0,1.0
pn,2.174,0.0,1.0
pn,2.175,0.0,1.0
pn,2.176,0.0,1.0
pn,2.177,0.0,1.0
pn,2.178,0.0,1.0
pn,2.179,0.0,1.0
pn,2.18,0.0,1.0
pn,2.181,0.0,1.0
pn,2.182,0.0,1.0
pn,2.183,0.0,1.0
pn,2.184,0.0,1.0
pn,2.185,0.0,1.0
pn,2.186,0.0,1.0
pn,2.187,0.0,1.0
pn,2.188,1.0,1.0
pn,2.189,0.0,1.0
pn,2.19,0.0,1.0
pn,2.191,0.0,1.0
pn,2.192,0.0,1.0
pn,2.193,0.0,1.0
pn,2.194,0.0,1.0
pn,2.195,0.0,1.0
pn,2.196,0.0,1.0
pn,2.197,0.0,1.0
pn,2.198,0.0,1.0
pn,2.199,0.0,1.0
pn,2.2,0.0,1.0
pn,2.201,0.0,1.0
pn,2.202,0.0,1.0
pn,2.203,0.0,1.0
pn,2.204,0.0,1.0
pn,2.205,0.0,1.0
pn,2.206,0.0,1.0
pn,2.207,0.0,1.0
pn,2.208,0.0,1.0
pn,2.209,0.0,1.0
pn,2.21,0.0,1.0
pn,2.211,0.0,1.0
pn,2.212,0.0,1.0
pn,2.213,0.0,1.0
pn,2.214,0.0,1.0
pn,2.215,0.0,1.0
pn,2.216,0.0,1.0
pn,2.217,0.0,1.0
pn,2.218,0.0,1.0
pn,2.219,0.0,1.0
pn,2.22,0.0,1.0
pn,2.221,0.0,1.0
pn,2.222,0.0,1.0
pn,2.223,0.0,1.0
pn,2.224,0.0,1.0
pn,2.225,0.0,1.0
pn,2.226,0.0,1.0
pn,2.227,0.0,1.0
pn,2.228,0.0,1.0
pn,2.229,0.0,1.0
pn,2.23,0.0,1.0
pn,2.231,0.0,1.0
pn,2.232,0.0,1.0
pn,2.233,0.0,1.0
pn,2.234,0.0,1.0
pn,2.235,0.0,1.0
pn,2.236,2.0,1.4142135623730951
pn,2.237,0.0,1.0
pn,2.238,0.0,1.0
pn,2.239,0.0,1.0
pn,2.24,0.0,1.0
pn,2.241,0.0,1.0
pn,2.242,0.0,1.0
pn,2.243,0.0,1.0
pn,2.244,0.0,1.0
pn,2.245,0.0,1.0
pn,2.246,0.0,1.0
pn,2.247,0.0,1.0
pn,2.248,0.0,1.0
pn,2.249,0.0,1.0
pn,2.25,0.0,1.0
pn,2.251,0.0,1.0
pn,2.252,0.0,1.0
pn,2.253,0.0,1.0
pn,2.254,0.0,1.0
pn,2.255,0.0,1.0
pn,2.256,0.0,1.0
pn,2.257,0.0,1.0
pn,2.258,0.0,1.0
pn,2.259,0.0,1.0
pn,2.26,0.0,1.0
pn,2.261,0.0,1.0
pn,2.262,0.0,1.0
pn,2.263,1.0,1.0
pn,2.264,1.0,1.0
pn,2.265,0.0,1.0
pn,2.266,0.0,1.0
pn,2.267,0.0,1.0
pn,2.268,0.0,1.0
pn,2.269,0.0,1.0
pn,2.27,0.0,1.0
pn,2.271,0.0,1.0
pn,2.272,0.0,1.0
pn,2.273,0.0,1.0
pn,2.274,0.0,1.0
pn,2.275,0.0,1.0
pn,2.276,0.0,1.0
pn,2.277,0.0,1.0
pn,2.278,0.0,1.0
pn,2.279,0.0,1.0
pn,2.28,0.0,1.0
pn,2.281,0.0,1.0
pn,2.282,0.0,1.0
pn,2.283,0.0,1.0
pn,2.284,0.0,1.0
pn,2.285,0.0,1.0
pn,2.286,0.0,1.0
pn,2.287,0.0,1.0
pn,2.288,0.0,1.0
pn,2.289,0.0,1.0
pn,2.29,0.0,1.0
pn,2.291,0.0,1.0
pn,2.292,1.0,1.0
pn,2.293,0.0,1.0
pn,2.294,0.0,1.0
pn,2.295,0.0,1.0
pn,2.296,0.0,1.0
pn,2.297,0.0,1.0
pn,2.298,1.0,1.0
pn,2.299,0.0,1.0
pn,2.3,1.0,1.0
pn,2.301,0.0,1.0
pn,2.302,1.0,1.0
pn,2.303,0.0,1.0
pn,2.304,0.0,1.0
pn,2.305,0.0,1.0
pn,2.306,0.0,1.0
pn,2.307,0.0,1.0
pn,2.308,0.0,1.0
pn,2.309,0.0,1.0
pn,2.31,0.0,1.0
pn,2.311,1.0,1.0
pn,2.312,0.0,1.0
pn,2.313,0.0,1.0
pn,2.314,0.0,1.0
pn,2.315,0.0,1.0
pn,2.316,0.0,1.0
pn,2.317,0.0,1.0
pn,2.318,0.0,1.0
pn,2.319,0.0,1.0
pn,2.32,0.0,1.0
pn,2.321,1.0,1.0
pn,2.322,0.0,1.0
pn,2.323,0.0,1.0
pn,2.324,0.0,1.0
pn,2.325,0.0,1.0
pn,2.326,0.0,1.0
pn,2.327,0.0,1.0
pn,2.328,0.0,1.0
pn,2.329,0.0,1.0
pn,2.33,0.0,1.0
pn,2.331,0.0,1.0
pn,2.332,0.0,1.0
pn,2.333,0.0,1.0
pn,2.334,0.0,1.0
pn,2.335,0.0,1.0
pn,2.336,0.0,1.0
pn,2.337,0.0,1.0
pn,2.338,0.0,1.0
pn,2.339,0.0,1.0
pn,2.34,0.0,1.0
pn,2.341,0.0,1.0
pn,2.342,1.0,1.0
pn,2.343,0.0,1.0
pn,2.344,0.0,1.0
pn,2.345,0.0,1.0
pn,2.346,0.0,1.0
pn,2.347,0.0,1.0
pn,2.348,0.0,1.0
pn,2.349,0.0,1.0
pn,2.35,0.0,1.0
pn,2.351,1.0,1.0
pn,2.352,0.0,1.0
pn,2.353,0.0,1.0
pn,2.354,0.0,1.0
pn,2.355,0.0,1.0
pn,2.356,1.0,1.0
pn,2.357,0.0,1.0
pn,2.358,0.0,1.0
pn,2.359,0.0,1.0
pn,2.36,0.0,1.0
pn,2.361,0.0,1.0
pn,2.362,0.0,1.0
pn,2.363,0.0,1.0
pn,2.364,0.0,1.0
pn,2.365,0.0,1.0
pn,2.366,0.0,1.0
pn,2.367,0.0,1.0
pn,2.368,0.0,1.0
pn,2.369,0.0,1.0
pn,2.37,0.0,1.0
pn,2.371,0.0,1.0
pn,2.372,0.0,1.0
pn,2.373,0.0,1.0
pn,2.374,0.0,1.0
pn,2.375,0.0,1.0
pn,2.376,0.0,1.0
pn,2.377,0.0,1.0
pn,2.378,0.0,1.0
pn,2.379,0.0,1.0
pn,2.38,0.0,1.0
pn,2.381,0.0,1.0
pn,2.382,0.0,1.0
pn,2.383,0.0,1.0
pn,2.384,0.0,1.0
pn,2.385,0.0,1.0
pn,2.386,0.0,1.0
pn,2.387,0.0,1.0
pn,2.388,0.0,1.0
pn,2.389,0.0,1.0
pn,2.39,0.0,1.0
pn,2.391,0.0,1.0
pn,2.392,0.0,1.0
pn,2.393,0.0,1.0
pn,2.394,0.0,1.0
pn,2.395,0.0,1.0
pn,2.396,0.0,1.0
pn,2.397,0.0,1.0
pn,2.398,0.0,1.0
pn,2.399,0.0,1.0
pn,2.4,0.0,1.0
pn,2.401,0.0,1.0
pn,2.402,0.0,1.0
pn,2.403,0.0,1.0
pn,2.404,0.0,1.0
pn,2.405,0.0,1.0
pn,2.406,0.0,1.0
pn,2.407,1.0,1.0
pn,2.408,0.0,1.0
pn,2.409,0.0,1.0
pn,2.41,0.0,1.0
pn,2.411,0.0,1.0
pn,2.412,0.0,1.0
pn,2.413,1.0,1.0
pn,2.414,0.0,1.0
pn,2.415,0.0,1.0
pn,2.416,0.0,1.0
pn,2.417,0.0,1.0
pn,2.418,0.0,1.0
pn,2.419,0.0,1.0
pn,2.42,0.0,1.0
pn,2.421,0.0,1.0
pn,2.422,0.0,1.0
pn,2.423,0.0,1.0
pn,2.424,0.0,1.0
pn,2.425,0.0,1.0
pn,2.426,0.0,1.0
pn,2.427,0.0,1.0
pn,2.428,0.0,1.0
pn,2.429,0.0,1.0
pn,2.43,0.0,1.0
pn,2.431,0.0,1.0
pn,2.432,0.0,1.0
pn,2.433,0.0,1.0
pn,2.434,0.0,1.0
pn,2.435,0.0,1.0
pn,2.436,0.0,1.0
pn,2.437,0.0,1.0
pn,2.438,0.0,1.0
pn,2.439,0.0,1.0
pn,2.44,0.0,1.0
pn,2.441,0.0,1.0
pn,2.442,0.0,1.0
pn,2.443,0.0,1.0
pn,2.444,0.0,1.0
pn,2.445,0.0,1.0
pn,2.446,0.0,1.0
pn,2.447,0.0,1.0
pn,2.448,0.0,1.0
pn,2.449,0.0,1.0
pn,2.45,0.0,1.0
pn,2.451,1.0,1.0
pn,2.452,0.0,1.0
pn,2.453,0.0,1.0
pn,2.454,0.0,1.0
pn,2.455,0.0,1.0
pn,2.456,0.0,1.0
pn,2.457,0.0,1.0
pn,2.458,0.0,1.0
pn,2.459,0.0,1.0
pn,2.46,0.0,1.0
pn,2.461,0.0,1.0
pn,2.462,0.0,1.0
pn,2.463,0.0,1.0
pn,2.464,0.0,1.0
pn,2.465,0.0,1.0
pn,2.466,0.0,1.0
pn,2.467,0.0,1.0
pn,2.468,0.0,1.0
pn,2.469,0.0,1.0
pn,2.47,0.0,1.0
pn,2.471,0.0,1.0
pn,2.472,0.0,1.0
pn,2.473,0.0,1.0
pn,2.474,0.0,1.0
pn,2.475,0.0,1.0
pn,2.476,0.0,1.0
pn,2.477,0.0,1.0
pn,2.478,0.0,1.0
pn,2.479,0.0,1.0
pn,2.48,0.0,1.0
pn,2.481,0.0,1.0
pn,2.482,0.0,1.0
pn,2.483,0.0,1.0
pn,2.484,1.0,1.0
pn,2.485,0.0,1.0
pn,2.486,0.0,1.0
pn,2.487,0.0,1.0
pn,2.488,0.0,1.0
pn,2.489,0.0,1.0
pn,2.49,0.0,1.0
pn,2.491,0.0,1.0
pn,2.492,1.0,1.0
pn,2.493,0.0,1.0
pn,2.494,0.0,1.0
pn,2.495,0.0,1.0
pn,2.496,0.0,1.0
pn,2.497,0.0,1.0
pn,2.498,0.0,1.0
pn,2.499,0.0,1.0
pn,2.5,0.0,1.0
pn,2.501,1.0,1.0
pn,2.502,0.0,1.0
pn,2.503,0.0,1.0
pn,2.504,0.0,1.0
pn,2.505,0.0,1.0
pn,2.506,0.0,1.0
pn,2.507,0.0,1.0
pn,2.508,0.0,1.0
pn,2.509,1.0,1.0
pn,2.51,0.0,1.0
pn,2.511,0.0,1.0
pn,2.512,0.0,1.0
pn,2.513,0.0,1.0
pn,2.514,0.0,1.0
pn,2.515,0.0,1.0
pn,2.516,0.0,1.0
pn,2.517,0.0,1.0
pn,2.518,0.0,1.0
pn,2.519,0.0,1.0
pn,2.52,0.0,1.0
pn,2.521,0.0,1.0
pn,2.522,0.0,1.0
pn,2.523,0.0,1.0
pn,2.524,1.0,1.0
pn,2.525,0.0,1.0
pn,2.526,0.0,1.0
pn,2.527,0.0,1.0
pn,2.528,0.0,1.0
pn,2.529,0.0,1.0
pn,2.53,1.0,1.0
pn,2.531,0.0,1.0
pn,2.532,0.0,1.0
pn,2.533,0.0,1.0
pn,2.534,0.0,1.0
pn,2.535,0.0,1.0
pn,2.536,0.0,1.0
pn,2.537,0.0,1.0
pn,2.538,0.0,1.0
pn,2.539,1.0,1.0
pn,2.54,0.0,1.0
pn,2.541,0.0,1.0
pn,2.542,0.0,1.0
pn,2.543,0.0,1.0
pn,2.544,0.0,1.0
pn,2.545,0.0,1.0
pn,2.546,0.0,1.0
pn,2.547,0.0,1.0
pn,2.548,0.0,1.0
pn,2.549,0.0,1.0
pn,2.55,0.0,1.0
pn,2.551,0.0,1.0
pn,2.552,1.0,1.0
pn,2.553,0.0,1.0
pn,2.554,0.0,1.0
pn,2.555,0.0,1.0
pn,2.556,0.0,1.0
pn,2.557,0.0,1.0
pn,2.558,0.0,1.0
pn,2.559,0.0,1.0
pn,2.56,0.0,1.0
pn,2.561,0.0,1.0
pn,2.562,0.0,1.0
pn,2.563,1.0,1.0
pn,2.564,0.0,1.0
pn,2.565,0.0,1.0
pn,2.566,0.0,1.0
pn,2.567,0.0,1.0
pn,2.568,0.0,1.0
pn,2.569,0.0,1.0
pn,2.57,0.0,1.0
pn,2.571,0.0,1.0
pn,2.572,0.0,1.0
pn,2.573,0.0,1.0
pn,2.574,0.0,1.0
pn,2.575,0.0,1.0
pn,2.576,0.0,1.0
pn,2.577,0.0,1.0
pn,2.578,1.0,1.0
pn,2.579,0.0,1.0
pn,2.58,0.0,1.0
pn,2.581,0.0,1.0
pn,2.582,0.0,1.0
pn,2.583,1.0,1.0
pn,2.584,0.0,1.0
pn,2.585,0.0,1.0
pn,2.586,0.0,1.0
pn,2.587,0.0,1.0
pn,2.588,0.0,1.0
pn,2.589,0.0,1.0
pn,2.59,0.0,1.0
pn,2.591,0.0,1.0
pn,2.592,0.0,1.0
pn,2.593,0.0,1.0
pn,2.594,0.0,1.0
pn,2.595,0.0,1.0
pn,2.596,0.0,1.0
pn,2.597,0.0,1.0
pn,2.598,0.0,1.0
pn,2.599,0.0,1.0
pn,2.6,0.0,1.0
pn,2.601,0.0,1.0
pn,2.602,0.0,1.0
pn,2.603,0.0,1.0
pn,2.604,0.0,1.0
pn,2.605,0.0,1.0
pn,2.606,0.0,1.0
pn,2.607,0.0,1.0
pn,2.608,0.0,1.0
pn,2.609,0.0,1.0
pn,2.61,0.0,1.0
pn,2.611,0.0,1.0
pn,2.612,0.0,1.0
pn,2.613,0.0,1.0
pn,2.614,0.0,1.0
pn,2.615,0.0,1.0
pn,2.616,0.0,1.0
pn,2.617,0.0,1.0
pn,2.618,0.0,1.0
pn,2.619,0.0,1.0
pn,2.62,0.0,1.0
pn,2.621,0.0,1.0
pn,2.622,0.0,1.0
pn,2.623,0.0,1.0
pn,2.624,0.0,1.0
pn,2.625,0.0,1.0
pn,2.626,0.0,1.0
pn,2.627,0.0,1.0
pn,2.628,0.0,1.0
pn,2.629,0.0,1.0
pn,2.63,0.0,1.0
pn,2.631,0.0,1.0
pn,2.632,0.0,1.0
pn,2.633,0.0,1.0
pn,2.634,0.0,1.0
pn,2.635,0.0,1.0
pn,2.636,0.0,1.0
pn,2.637,0.0,1.0
pn,2.638,0.0,1.0
pn,2.639,0.0,1.0
pn,2.64,0.0,1.0
pn,2.641,0.0,1.0
pn,2.642,0.0,1.0
pn,2.643,0.0,1.0
pn,2.644,0.0,1.0
pn,2.645,0.0,1.0
pn,2.646,0.0,1.0
pn,2.647,0.0,1.0
pn,2.648,0.0,1.0
pn,2.649,0.0,1.0
pn,2.65,0.0,1.0
pn,2.651,0.0,1.0
pn,2.652,0.0,1.0
pn,2.653,0.0,1.0
pn,2.654,0.0,1.0
pn,2.655,0.0,1.0
pn,2.656,0.0,1.0
pn,2.657,0.0,1.0
pn,2.658,0.0,1.0
pn,2.659,0.0,1.0
pn,2.66,0.0,1.0
pn,2.661,0.0,1.0
pn,2.662,0.0,1.0
pn,2.663,0.0,1.0
pn,2.664,0.0,1.0
pn,2.665,0.0,1.0
pn,2.666,0.0,1.0
pn,2.667,0.0,1.0
pn,2.668,0.0,1.0
pn,2.669,0.0,1.0
pn,2.67,0.0,1.0
pn,2.671,1.0,1.0
pn,2.672,0.0,1.0
pn,2.673,0.0,1.0
pn,2.674,0.0,1.0
pn,2.675,0.0,1.0
pn,2.676,1.0,1.0
pn,2.677,0.0,1.0
pn,2.678,0.0,1.0
pn,2.679,0.0,1.0
pn,2.68,0.0,1.0
pn,2.681,0.0,1.0
pn,2.682,0.0,1.0
pn,2.683,0.0,1.0
pn,2.684,0.0,1.0
pn,2.685,0.0,1.0
pn,2.686,0.0,1.0
pn,2.687,0.0,1.0
pn,2.688,0.0,1.0
pn,2.689,0.0,1.0
pn,2.69,0.0,1.0
pn,2.691,0.0,1.0
pn,2.692,0.0,1.0
pn,2.693,0.0,1.0
pn,2.694,0.0,1.0
pn,2.695,0.0,1.0
pn,2.696,0.0,1.0
pn,2.697,0.0,1.0
pn,2.698,0.0,1.0
pn,2.699,0.0,1.0
pn,2.7,0.0,1.0
pn,2.701,0.0,1.0
pn,2.702,0.0,1.0
pn,2.703,0.0,1.0
pn,2.704,0.0,1.0
pn,2.705,0.0,1.0
pn,2.706,0.0,1.0
pn,2.707,0.0,1.0
pn,2.708,1.0,1.0
pn,2.709,0.0,1.0
pn,2.71,0.0,1.0
pn,2.711,0.0,1.0
pn,2.712,0.0,1.0
pn,2.713,0.0,1.0
pn,2.714,0.0,1.0
pn,2.715,0.0,1.0
pn,2.716,1.0,1.0
pn,2.717,0.0,1.0
pn,2.718,0.0,1.0
pn,2.719,0.0,1.0
pn,2.72,1.0,1.0
pn,2.721,0.0,1.0
pn,2.722,0.0,1.0
pn,2.723,0.0,1.0
pn,2.724,0.0,1.0
pn,2.725,0.0,1.0
pn,2.726,0.0,1.0
pn,2.727,0.0,1.0
pn,2.728,0.0,1.0
pn,2.729,0.0,1.0
pn,2.73,0.0,1.0
pn,2.731,0.0,1.0
pn,2.732,0.0,1.0
pn,2.733,0.0,1.0
pn,2.734,0.0,1.0
pn,2.735,0.0,1.0
pn,2.736,0.0,1.0
pn,2.737,0.0,1.0
pn,2.738,0.0,1.0
pn,2.739,0.0,1.0
pn,2.74,0.0,1.0
pn,2.741,0.0,1.0
pn,2.742,0.0,1.0
pn,2.743,1.0,1.0
pn,2.744,0.0,1.0
pn,2.745,0.0,1.0
pn,2.746,0.0,1.0
pn,2.747,0.0,1.0
pn,2.748,0.0,1.0
pn,2.749,0.0,1.0
pn,2.75,0.0,1.0
pn,2.751,0.0,1.0
pn,2.752,0.0,1.0
pn,2.753,0.0,1.0
pn,2.754,0.0,1.0
pn,2.755,1.0,1.0
pn,2.756,0.0,1.0
pn,2.757,0.0,1.0
pn,2.758,0.0,1.0
pn,2.759,0.0,1.0
pn,2.76,0.0,1.0
pn,2.761,0.0,1.0
pn,2.762,0.0,1.0
pn,2.763,0.0,1.0
pn,2.764,0.0,1.0
pn,2.765,0.0,1.0
pn,2.766,0.0,1.0
pn,2.767,0.0,1.0
pn,2.768,0.0,1.0
pn,2.769,0.0,1.0
pn,2.77,0.0,1.0
pn,2.771,1.0,1.0
pn,2.772,0.0,1.0
pn,2.773,0.0,1.0
pn,2.774,0.0,1.0
pn,2.775,0.0,1.0
pn,2.776,0.0,1.0
pn,2.777,0.0,1.0
pn,2.778,0.0,1.0
pn,2.779,1.0,1.0
pn,2.78,0.0,1.0
pn,2.781,0.0,1.0
pn,2.782,0.0,1.0
pn,2.783,0.0,1.0
pn,2.784,0.0,1.0
pn,2.785,0.0,1.0
pn,2.786,0.0,1.0
pn,2.787,0.0,1.0
pn,2.788,0.0,1.0
pn,2.789,0.0,1.0
pn,2.79,0.0,1.0
pn,2.791,0.0,1.0
pn,2.792,0.0,1.0
pn,2.793,0.0,1.0
pn,2.794,0.0,1.0
pn,2.795,0.0,1.0
pn,2.796,0.0,1.0
pn,2.797,0.0,1.0
pn,2.798,0.0,1.0
pn,2.799,0.0,1.0
pn,2.8,0.0,1.0
pn,2.801,0.0,1.0
pn,2.802,0.0,1.0
pn,2.803,0.0,1.0
pn,2.804,0.0,1.0
pn,2.805,0.0,1.0
pn,2.806,0.0,1.0
pn,2.807,0.0,1.0
pn,2.808,0.0,1.0
pn,2.809,0.0,1.0
pn,2.81,0.0,1.0
pn,2.811,0.0,1.0
pn,2.812,1.0,1.0
pn,2.813,0.0,1.0
pn,2.814,0.0,1.0
pn,2.815,0.0,1.0
pn,2.816,0.0,1.0
pn,2.817,0.0,1.0
pn,2.818,1.0,1.0
pn,2.819,0.0,1.0
pn,2.82,0.0,1.0
pn,2.821,0.0,1.0
pn,2.822,0.0,1.0
pn,2.823,0.0,1.0
pn,2.824,0.0,1.0
pn,2.825,0.0,1.0
pn,2.826,0.0,1.0
pn,2.827,0.0,1.0
pn,2.828,0.0,1.0
pn,2.829,0.0,1.0
pn,2.83,0.0,1.0
pn,2.831,0.0,1.0
pn,2.832,0.0,1.0
pn,2.833,0.0,1.0
pn,2.834,0.0,1.0
pn,2.835,0.0,1.0
pn,2.836,0.0,1.0
pn,2.837,0.0,1.0
pn,2.838,0.0,1.0
pn,2.839,0.0,1.0
pn,2.84,0.0,1.0
pn,2.841,0.0,1.0
pn,2.842,0.0,1.0
pn,2.843,0.0,1.0
pn,2.844,0.0,1.0
pn,2.845,1.0,1.0
pn,2.846,0.0,1.0
pn,2.847,0.0,1.0
pn,2.848,0.0,1.0
pn,2.849,0.0,1.0
pn,2.85,0.0,1.0
pn,2.851,0.0,1.0
pn,2.852,0.0,1.0
pn,2.853,0.0,1.0
pn,2.854,0.0,1.0
pn,2.855,0.0,1.0
pn,2.856,0.0,1.0
pn,2.857,0.0,1.0
pn,2.858,0.0,1.0
pn,2.859,0.0,1.0
pn,2.86,0.0,1.0
pn,2.861,0.0,1.0
pn,2.862,0.0,1.0
pn,2.863,0.0,1.0
pn,2.864,0.0,1.0
pn,2.865,0.0,1.0
pn,2.866,0.0,1.0
pn,2.867,0.0,1.0
pn,2.868,0.0,1.0
pn,2.869,0.0,1.0
pn,2.87,0.0,1.0
pn,2.871,0.0,1.0
pn,2.872,0.0,1.0
pn,2.873,0.0,1.0
pn,2.874,0.0,1.0
pn,2.875,0.0,1.0
pn,2.876,0.0,1.0
pn,2.877,0.0,1.0
pn,2.878,0.0,1.0
pn,2.879,0.0,1.0
pn,2.88,0.0,1.0
pn,2.881,0.0,1.0
pn,2.882,0.0,1.0
pn,2.883,0.0,1.0
pn,2.884,0.0,1.0
pn,2.885,0.0,1.0
pn,2.886,0.0,1.0
pn,2.887,0.0,1.0
pn,2.888,0.0,1.0
pn,2.889,0.0,1.0
pn,2.89,0.0,1.0
pn,2.891,0.0,1.0
pn,2.892,0.0,1.0
pn,2.893,0.0,1.0
pn,2.894,0.0,1.0
pn,2.895,0.0,1.0
pn,2.896,0.0,1.0
pn,2.897,0.0,1.0
pn,2.898,0.0,1.0
pn,2.899,1.0,1.0
pn,2.9,0.0,1.0
pn,2.901,0.0,1.0
pn,2.902,0.0,1.0
pn,2.903,0.0,1.0
pn,2.904,0.0,1.0
pn,2.905,0.0,1.0
pn,2.906,0.0,1.0
pn,2.907,0.0,1.0
pn,2.908,0.0,1.0
pn,2.909,0.0,1.0
pn,2.91,0.0,1.0
pn,2.911,0.0,1.0
pn,2.912,0.0,1.0
pn,2.913,0.0,1.0
pn,2.914,0.0,1.0
pn,2.915,0.0,1.0
pn,2.916,0.0,1.0
pn,2.917,0.0,1.0
pn,2.918,0.0,1.0
pn,2.919,0.0,1.0
pn,2.92,0.0,1.0
pn,2.921,0.0,1.0
pn,2.922,0.0,1.0
pn,2.923,1.0,1.0
pn,2.924,0.0,1.0
pn,2.925,0.0,1.0
pn,2.926,0.0,1.0
pn,2.927,0.0,1.0
pn,2.928,0.0,1.0
pn,2.929,0.0,1.0
pn,2.93,0.0,1.0
pn,2.931,0.0,1.0
pn,2.932,0.0,1.0
pn,2.933,0.0,1.0
pn,2.934,0.0,1.0
pn,2.935,0.0,1.0
pn,2.936,0.0,1.0
pn,2.937,0.0,1.0
pn,2.938,0.0,1.0
pn,2.939,0.0,1.0
pn,2.94,0.0,1.0
pn,2.941,0.0,1.0
pn,2.942,0.0,1.0
pn,2.943,0.0,1.0
pn,2.944,0.0,1.0
pn,2.945,0.0,1.0
pn,2.946,0.0,1.0
pn,2.947,0.0,1.0
pn,2.948,0.0,1.0
pn,2.949,0.0,1.0
pn,2.95,0.0,1.0
pn,2.951,0.0,1.0
pn,2.952,0.0,1.0
pn,2.953,0.0,1.0
pn,2.954,0.0,1.0
pn,2.955,0.0,1.0
pn,2.956,0.0,1.0
pn,2.957,0.0,1.0
pn,2.958,0.0,1.0
pn,2.959,0.0,1.0
pn,2.96,0.0,1.0
pn,2.961,0.0,1.0
pn,2.962,0.0,1.0
pn,2.963,0.0,1.0
pn,2.964,1.0,1.0
pn,2.965,0.0,1.0
pn,2.966,0.0,1.0
pn,2.967,0.0,1.0
pn,2.968,0.0,1.0
pn,2.969,0.0,1.0
pn,2.97,0.0,1.0
pn,2.971,0.0,1.0
pn,2.972,0.0,1.0
pn,2.973,0.0,1.0
pn,2.974,0.0,1.0
pn,2.975,0.0,1.0
pn,2.976,0.0,1.0
pn,2.977,0.0,1.0
pn,2.978,0.0,1.0
pn,2.979,0.0,1.0
pn,2.98,0.0,1.0
pn,2.981,0.0,1.0
pn,2.982,0.0,1.0
pn,2.983,0.0,1.0
pn,2.984,0.0,1.0
pn,2.985,0.0,1.0
pn,2.986,0.0,1.0
pn,2.987,0.0,1.0
pn,2.988,0.0,1.0
pn,2.989,0.0,1.0
pn,2.99,0.0,1.0
pn,2.991,0.0,1.0
pn,2.992,0.0,1.0
pn,2.993,0.0,1.0
pn,2.994,0.0,1.0
pn,2.995,0.0,1.0
pn,2.996,0.0,1.0
pn,2.997,0.0,1.0
pn,2.998,0.0,1.0
pn,2.999,0.0,1.0
pn,3.0,0.0,1.0
pn,3.001,0.0,1.0
pn,3.002,0.0,1.0
pn,3.003,0.0,1.0
pn,3.004,0.0,1.0
pn,3.005,0.0,1.0
pn,3.006,0.0,1.0
pn,3.007,0.0,1.0
pn,3.008,0.0,1.0
pn,3.009,0.0,1.0
pn,3.01,0.0,1.0
pn,3.011,0.0,1.0
pn,3.012,0.0,1.0
pn,3.013,0.0,1.0
pn,3.014,0.0,1.0
pn,3.015,0.0,1.0
pn,3.016,0.0,1.0
pn,3.017,0.0,1.0
pn,3.018,0.0,1.0
pn,3.019,0.0,1.0
pn,3.02,0.0,1.0
pn,3.021,0.0,1.0
pn,3.022,0.0,1.0
pn,3.023,0.0,1.0
pn,3.024,0.0,1.0
pn,3.025,0.0,1.0
pn,3.026,0.0,1.0
pn,3.027,0.0,1.0
pn,3.028,0.0,1.0
pn,3.029,0.0,1.0
pn,3.03,1.0,1.0
pn,3.031,0.0,1.0
pn,3.032,0.0,1.0
pn,3.033,0.0,1.0
pn,3.034,0.0,1.0
pn,3.035,0.0,1.0
pn,3.036,0.0,1.0
pn,3.037,0.0,1.0
pn,3.038,0.0,1.0
pn,3.039,0.0,1.0
pn,3.04,0.0,1.0
pn,3.041,0.0,1.0
pn,3.042,0.0,1.0
pn,3.043,0.0,1.0
pn,3.044,0.0,1.0
pn,3.045,0.0,1.0
pn,3.046,0.0,1.0
pn,3.047,0.0,1.0
pn,3.048,0.0,1.0
pn,3.049,0.0,1.0
pn,3.05,0.0,1.0
pn,3.051,0.0,1.0
pn,3.052,0.0,1.0
pn,3.053,0.0,1.0
pn,3.054,0.0,1.0
pn,3.055,0.0,1.0
pn,3.056,0.0,1.0
pn,3.057,0.0,1.0
pn,3.058,0.0,1.0
pn,3.059,0.0,1.0
pn,3.06,0.0,1.0
pn,3.061,0.0,1.0
pn,3.062,0.0,1.0
pn,3.063,0.0,1.0
pn,3.064,0.0,1.0
pn,3.065,0.0,1.0
pn,3.066,0.0,1.0
pn,3.067,0.0,1.0
pn,3.068,0.0,1.0
pn,3.069,0.0,1.0
pn,3.07,0.0,1.0
pn,3.071,0.0,1.0
pn,3.072,0.0,1.0
pn,3.073,0.0,1.0
pn,3.074,0.0,1.0
pn,3.075,0.0,1.0
pn,3.076,0.0,1.0
pn,3.077,0.0,1.0
pn,3.078,0.0,1.0
pn,3.079,0.0,1.0
pn,3.08,0.0,1.0
pn,3.081,0.0,1.0
pn,3.082,0.0,1.0
pn,3.083,0.0,1.0
pn,3.084,0.0,1.0
pn,3.085,0.0,1.0
pn,3.086,0.0,1.0
pn,3.087,0.0,1.0
pn,3.088,0.0,1.0
pn,3.089,0.0,1.0
pn,3.09,0.0,1.0
pn,3.091,0.0,1.0
pn,3.092,0.0,1.0
pn,3.093,0.0,1.0
pn,3.094,0.0,1.0
pn,3.095,0.0,1.0
pn,3.096,0.0,1.0
pn,3.097,0.0,1.0
pn,3.098,0.0,1.0
pn,3.099,0.0,1.0
pn,3.1,1.0,1.0
pn,3.101,0.0,1.0
pn,3.102,0.0,1.0
pn,3.103,0.0,1.0
pn,3.104,0.0,1.0
pn,3.105,0.0,1.0
pn,3.106,0.0,1.0
pn,3.107,0.0,1.0
pn,3.108,0.0,1.0
pn,3.109,0.0,1.0
pn,3.11,0.0,1.0
pn,3.111,0.0,1.0
pn,3.112,0.0,1.0
pn,3.113,0.0,1.0
pn,3.114,1.0,1.0
pn,3.115,0.0,1.0
pn,3.116,0.0,1.0
pn,3.117,0.0,1.0
pn,3.118,0.0,1.0
pn,3.119,0.0,1.0
pn,3.12,0.0,1.0
pn,3.121,0.0,1.0
pn,3.122,0.0,1.0
pn,3.123,0.0,1.0
pn,3.124,0.0,1.0
pn,3.125,0.0,1.0
pn,3.126,0.0,1.0
pn,3.127,0.0,1.0
pn,3.128,0.0,1.0
pn,3.129,0.0,1.0
pn,3.13,0.0,1.0
pn,3.131,0.0,1.0
pn,3.132,0.0,1.0
pn,3.133,0.0,1.0
pn,3.134,0.0,1.0
pn,3.135,0.0,1.0
pn,3.136,0.0,1.0
pn,3.137,0.0,1.0
pn,3.138,0.0,1.0
pn,3.139,0.0,1.0
pn,3.14,0.0,1.0
pn,3.141,0.0,1.0
pn,3.142,0.0,1.0
pn,3.143,0.0,1.0
pn,3.144,0.0,1.0
pn,3.145,0.0,1.0
pn,3.146,0.0,1.0
pn,3.147,0.0,1.0
pn,3.148,0.0,1.0
pn,3.149,1.0,1.0
pn,3.15,0.0,1.0
pn,3.151,0.0,1.0
pn,3.152,0.0,1.0
pn,3.153,0.0,1.0
pn,3.154,0.0,1.0
pn,3.155,0.0,1.0
pn,3.156,0.0,1.0
pn,3.157,0.0,1.0
pn,3.158,0.0,1.0
pn,3.159,0.0,1.0
pn,3.16,0.0,1.0
pn,3.161,0.0,1.0
pn,3.162,0.0,1.0
pn,3.163,0.0,1.0
pn,3.164,0.0,1.0
pn,3.165,0.0,1.0
pn,3.166,0.0,1.0
pn,3.167,0.0,1.0
pn,3.168,0.0,1.0
pn,3.169,0.0,1.0
pn,3.17,0.0,1.0
pn,3.171,0.0,1.0
pn,3.172,0.0,1.0
pn,3.173,0.0,1.0
pn,3.174,0.0,1.0
pn,3.175,0.0,1.0
pn,3.176,0.0,1.0
pn,3.177,0.0,1.0
pn,3.178,0.0,1.0
pn,3.179,0.0,1.0
pn,3.18,0.0,1.0
pn,3.181,0.0,1.0
pn,3.182,0.0,1.0
pn,3.183,0.0,1.0
pn,3.184,0.0,1.0
pn,3.185,0.0,1.0
pn,3.186,0.0,1.0
pn,3.187,0.0,1.0
pn,3.188,0.0,1.0
pn,3.189,0.0,1.0
pn,3.19,0.0,1.0
pn,3.191,0.0,1.0
pn,3.192,0.0,1.0
pn,3.193,0.0,1.0
pn,3.194,0.0,1.0
pn,3.195,0.0,1.0
pn,3.196,0.0,1.0
pn,3.197,0.0,1.0
pn,3.198,0.0,1.0
pn,3.199,0.0,1.0
pn,3.2,0.0,1.0
pn,3.201,0.0,1.0
pn,3.202,0.0,1.0
pn,3.203,0.0,1.0
pn,3.204,0.0,1.0
pn,3.205,0.0,1.0
pn,3.206,0.0,1.0
pn,3.207,0.0,1.0
pn,3.208,0.0,1.0
pn,3.209,0.0,1.0
pn,3.21,0.0,1.0
pn,3.211,0.0,1.0
pn,3.212,0.0,1.0
pn,3.213,0.0,1.0
pn,3.214,0.0,1.0
pn,3.215,0.0,1.0
pn,3.216,1.0,1.0
pn,3.217,0.0,1.0
pn,3.218,0.0,1.0
pn,3.219,0.0,1.0
pn,3.22,0.0,1.0
pn,3.221,0.0,1.0
pn,3.222,0.0,1.0
pn,3.223,0.0,1.0
pn,3.224,0.0,1.0
pn,3.225,0.0,1.0
pn,3.226,0.0,1.0
pn,3.227,0.0,1.0
pn,3.228,0.0,1.0
pn,3.229,0.0,1.0
pn,3.23,0.0,1.0
pn,3.231,0.0,1.0
pn,3.232,0.0,1.0
pn,3.233,0.0,1.0
pn,3.234,0.0,1.0
pn,3.235,0.0,1.0
pn,3.236,0.0,1.0
pn,3.237,0.0,1.0
pn,3.238,0.0,1.0
pn,3.239,0.0,1.0
pn,3.24,0.0,1.0
pn,3.241,0.0,1.0
pn,3.242,0.0,1.0
pn,3.243,0.0,1.0
pn,3.244,0.0,1.0
pn,3.245,0.0,1.0
pn,3.246,0.0,1.0
pn,3.247,0.0,1.0
pn,3.248,0.0,1.0
pn,3.249,0.0,1.0
pn,3.25,0.0,1.0
pn,3.251,0.0,1.0
pn,3.252,0.0,1.0
pn,3.253,0.0,1.0
pn,3.254,0.0,1.0
pn,3.255,0.0,1.0
pn,3.256,0.0,1.0
pn,3.257,0.0,1.0
pn,3.258,0.0,1.0
pn,3.259,0.0,1.0
pn,3.26,0.0,1.0
pn,3.261,0.0,1.0
pn,3.262,0.0,1.0
pn,3.263,0.0,1.0
pn,3.264,0.0,1.0
pn,3.265,0.0,1.0
pn,3.266,0.0,1.0
pn,3.267,0.0,1.0
pn,3.268,0.0,1.0
pn,3.269,0.0,1.0
pn,3.27,0.0,1.0
pn,3.271,0.0,1.0
pn,3.272,0.0,1.0
pn,3.273,0.0,1.0
pn,3.274,0.0,1.0
pn,3.275,0.0,1.0
pn,3.276,0.0,1.0
pn,3.277,0.0,1.0
pn,3.278,0.0,1.0
pn,3.279,0.0,1.0
pn,3.28,0.0,1.0
pn,3.281,0.0,1.0
pn,3.282,0.0,1.0
pn,3.283,0.0,1.0
pn,3.284,0.0,1.0
pn,3.285,0.0,1.0
pn,3.286,0.0,1.0
pn,3.287,0.0,1.0
pn,3.288,0.0,1.0
pn,3.289,0.0,1.0
pn,3.29,0.0,1.0
pn,3.291,0.0,1.0
pn,3.292,0.0,1.0
pn,3.293,0.0,1.0
pn,3.294,0.0,1.0
pn,3.295,0.0,1.0
pn,3.296,0.0,1.0
pn,3.297,0.0,1.0
pn,3.298,0.0,1.0
pn,3.299,0.0,1.0
pn,3.3,0.0,1.0
pn,3.301,0.0,1.0
pn,3.302,0.0,1.0
pn,3.303,0.0,1.0
pn,3.304,0.0,1.0
pn,3.305,0.0,1.0
pn,3.306,0.0,1.0
pn,3.307,0.0,1.0
pn,3.308,0.0,1.0
pn,3.309,0.0,1.0
pn,3.31,0.0,1.0
pn,3.311,0.0,1.0
pn,3.312,0.0,1.0
pn,3.313,0.0,1.0
pn,3.314,0.0,1.0
pn,3.315,0.0,1.0
pn,3.316,0.0,1.0
pn,3.317,0.0,1.0
pn,3.318,0.0,1.0
pn,3.319,0.0,1.0
pn,3.32,0.0,1.0
pn,3.321,0.0,1.0
pn,3.322,0.0,1.0
pn,3.323,0.0,1.0
pn,3.324,0.0,1.0
pn,3.325,0.0,1.0
pn,3.326,0.0,1.0
pn,3.327,0.0,1.0
pn,3.328,0.0,1.0
pn,3.329,0.0,1.0
pn,3.33,0.0,1.0
pn,3.331,0.0,1.0
pn,3.332,0.0,1.0
pn,3.333,0.0,1.0
pn,3.334,0.0,1.0
pn,3.335,0.0,1.0
pn,3.336,0.0,1.0
pn,3.337,0.0,1.0
pn,3.338,0.0,1.0
pn,3.339,0.0,1.0
pn,3.34,0.0,1.0
pn,3.341,0.0,1.0
pn,3.342,0.0,1.0
pn,3.343,0.0,1.0
pn,3.344,0.0,1.0
pn,3.345,0.0,1.0
pn,3.346,0.0,1.0
pn,3.347,0.0,1.0
pn,3.348,0.0,1.0
pn,3.349,0.0,1.0
pn,3.35,0.0,1.0
pn,3.351,0.0,1.0
pn,3.352,0.0,1.0
pn,3.353,0.0,1.0
pn,3.354,0.0,1.0
pn,3.355,0.0,1.0
pn,3.356,0.0,1.0
pn,3.357,0.0,1.0
pn,3.358,0.0,1.0
pn,3.359,0.0,1.0
pn,3.36,0.0,1.0
pn,3.361,0.0,1.0
pn,3.362,0.0,1.0
pn,3.363,0.0,1.0
pn,3.364,0.0,1.0
pn,3.365,0.0,1.0
pn,3.366,0.0,1.0
pn,3.367,0.0,1.0
pn,3.368,0.0,1.0
pn,3.369,0.0,1.0
pn,3.37,0.0,1.0
pn,3.371,0.0,1.0
pn,3.372,0.0,1.0
pn,3.373,0.0,1.0
pn,3.374,0.0,1.0
pn,3.375,0.0,1.0
pn,3.376,0.0,1.0
pn,3.377,0.0,1.0
pn,3.378,0.0,1.0
pn,3.379,0.0,1.0
pn,3.38,0.0,1.0
pn,3.381,0.0,1.0
pn,3.382,0.0,1.0
pn,3.383,0.0,1.0
pn,3.384,0.0,1.0
pn,3.385,0.0,1.0
pn,3.386,0.0,1.0
pn,3.387,0.0,1.0
pn,3.388,0.0,1.0
pn,3.389,0.0,1.0
pn,3.39,0.0,1.0
pn,3.391,1.0,1.0
pn,3.392,0.0,1.0
pn,3.393,0.0,1.0
pn,3.394,0.0,1.0
pn,3.395,0.0,1.0
pn,3.396,0.0,1.0
pn,3.397,0.0,1.0
pn,3.398,0.0,1.0
pn,3.399,0.0,1.0
pn,3.4,0.0,1.0
pn,3.401,0.0,1.0
pn,3.402,0.0,1.0
pn,3.403,0.0,1.0
pn,3.404,0.0,1.0
pn,3.405,0.0,1.0
pn,3.406,0.0,1.0
pn,3.407,0.0,1.0
pn,3.408,0.0,1.0
pn,3.409,0.0,1.0
pn,3.41,0.0,1.0
pn,3.411,0.0,1.0
pn,3.412,0.0,1.0
pn,3.413,0.0,1.0
pn,3.414,0.0,1.0
pn,3.415,0.0,1.0
pn,3.416,0.0,1.0
pn,3.417,0.0,1.0
pn,3.418,0.0,1.0
pn,3.419,0.0,1.0
pn,3.42,0.0,1.0
pn,3.421,0.0,1.0
pn,3.422,0.0,1.0
pn,3.423,0.0,1.0
pn,3.424,0.0,1.0
pn,3.425,0.0,1.0
pn,3.426,0.0,1.0
pn,3.427,0.0,1.0
pn,3.428,0.0,1.0
pn,3.429,0.0,1.0
pn,3.43,0.0,1.0
pn,3.431,0.0,1.0
pn,3.432,0.0,1.0
pn,3.433,0.0,1.0
pn,3.434,0.0,1.0
pn,3.435,0.0,1.0
pn,3.436,0.0,1.0
pn,3.437,0.0,1.0
pn,3.438,0.0,1.0
pn,3.439,0.0,1.0
pn,3.44,0.0,1.0
pn,3.441,0.0,1.0
pn,3.442,0.0,1.0
pn,3.443,0.0,1.0
pn,3.444,0.0,1.0
pn,3.445,0.0,1.0
pn,3.446,0.0,1.0
pn,3.447,0.0,1.0
pn,3.448,0.0,1.0
pn,3.449,0.0,1.0
pn,3.45,0.0,1.0
pn,3.451,0.0,1.0
pn,3.452,0.0,1.0
pn,3.453,0.0,1.0
pn,3.454,0.0,1.0
pn,3.455,0.0,1.0
pn,3.456,0.0,1.0
pn,3.457,0.0,1.0
pn,3.458,0.0,1.0
pn,3.459,0.0,1.0
pn,3.46,0.0,1.0
pn,3.461,0.0,1.0
pn,3.462,0.0,1.0
pn,3.463,0.0,1.0
pn,3.464,0.0,1.0
pn,3.465,0.0,1.0
pn,3.466,0.0,1.0
pn,3.467,0.0,1.0
pn,3.468,0.0,1.0
pn,3.469,0.0,1.0
pn,3.47,0.0,1.0
pn,3.471,0.0,1.0
pn,3.472,0.0,1.0
pn,3.473,0.0,1.0
pn,3.474,0.0,1.0
pn,3.475,0.0,1.0
pn,3.476,0.0,1.0
pn,3.477,0.0,1.0
pn,3.478,0.0,1.0
pn,3.479,0.0,1.0
pn,3.48,0.0,1.0
pn,3.481,0.0,1.0
pn,3.482,0.0,1.0
pn,3.483,0.0,1.0
pn,3.484,0.0,1.0
pn,3.485,0.0,1.0
pn,3.486,0.0,1.0
pn,3.487,0.0,1.0
pn,3.488,0.0,1.0
pn,3.489,0.0,1.0
pn,3.49,0.0,1.0
pn,3.491,0.0,1.0
pn,3.492,0.0,1.0
pn,3.493,0.0,1.0
pn,3.494,0.0,1.0
pn,3.495,0.0,1.0
pn,3.496,0.0,1.0
pn,3.497,0.0,1.0
pn,3.498,0.0,1.0
pn,3.499,0.0,1.0
pn,3.5,0.0,1.0
pn,3.501,0.0,1.0
pn,3.502,0.0,1.0
pn,3.503,0.0,1.0
pn,3.504,0.0,1.0
pn,3.505,1.0,1.0
pn,3.506,0.0,1.0
pn,3.507,0.0,1.0
pn,3.508,0.0,1.0
pn,3.509,0.0,1.0
pn,3.51,0.0,1.0
pn,3.511,0.0,1.0
pn,3.512,0.0,1.0
pn,3.513,0.0,1.0
pn,3.514,0.0,1.0
pn,3.515,0.0,1.0
pn,3.516,0.0,1.0
pn,3.517,0.0,1.0
pn,3.518,0.0,1.0
pn,3.519,0.0,1.0
pn,3.52,0.0,1.0
pn,3.521,0.0,1.0
pn,3.522,0.0,1.0
pn,3.523,0.0,1.0
pn,3.524,0.0,1.0
pn,3.525,0.0,1.0
pn,3.526,0.0,1.0
pn,3.527,0.0,1.0
pn,3.528,0.0,1.0
pn,3.529,0.0,1.0
pn,3.53,0.0,1.0
pn,3.531,0.0,1.0
pn,3.532,0.0,1.0
pn,3.533,0.0,1.0
pn,3.534,0.0,1.0
pn,3.535,0.0,1.0
pn,3.536,0.0,1.0
pn,3.537,1.0,1.0
pn,3.538,0.0,1.0
pn,3.539,0.0,1.0
pn,3.54,0.0,1.0
pn,3.541,0.0,1.0
pn,3.542,0.0,1.0
pn,3.543,0.0,1.0
pn,3.544,0.0,1.0
pn,3.545,0.0,1.0
pn,3.546,0.0,1.0
pn,3.547,0.0,1.0
pn,3.548,0.0,1.0
pn,3.549,0.0,1.0
pn,3.55,0.0,1.0
pn,3.551,0.0,1.0
pn,3.552,0.0,1.0
pn,3.553,0.0,1.0
pn,3.554,0.0,1.0
pn,3.555,0.0,1.0
pn,3.556,0.0,1.0
pn,3.557,0.0,1.0
pn,3.558,0.0,1.0
pn,3.559,0.0,1.0
pn,3.56,0.0,1.0
pn,3.561,0.0,1.0
pn,3.562,0.0,1.0
pn,3.563,0.0,1.0
pn,3.564,0.0,1.0
pn,3.565,0.0,1.0
pn,3.566,0.0,1.0
pn,3.567,0.0,1.0
pn,3.568,0.0,1.0
pn,3.569,0.0,1.0
pn,3.57,0.0,1.0
pn,3.571,0.0,1.0
pn,3.572,0.0,1.0
pn,3.573,0.0,1.0
pn,3.574,0.0,1.0
pn,3.575,0.0,1.0
pn,3.576,0.0,1.0
pn,3.577,0.0,1.0
pn,3.578,0.0,1.0
pn,3.579,0.0,1.0
pn,3.58,0.0,1.0
pn,3.581,0.0,1.0
pn,3.582,0.0,1.0
pn,3.583,0.0,1.0
pn,3.584,0.0,1.0
pn,3.585,0.0,1.0
pn,3.586,0.0,1.0
pn,3.587,0.0,1.0
pn,3.588,0.0,1.0
pn,3.589,0.0,1.0
pn,3.59,0.0,1.0
pn,3.591,0.0,1.0
pn,3.592,0.0,1.0
pn,3.593,0.0,1.0
pn,3.594,0.0,1.0
pn,3.595,0.0,1.0
pn,3.596,0.0,1.0
pn,3.597,0.0,1.0
pn,3.598,0.0,1.0
pn,3.599,0.0,1.0
pn,3.6,0.0,1.0
pn,3.601,0.0,1.0
pn,3.602,0.0,1.0
pn,3.603,0.0,1.0
pn,3.604,0.0,1.0
pn,3.605,0.0,1.0
pn,3.606,0.0,1.0
pn,3.607,0.0,1.0
pn,3.608,0.0,1.0
pn,3.609,0.0,1.0
pn,3.61,0.0,1.0
pn,3.611,0.0,1.0
pn,3.612,0.0,1.0
pn,3.613,0.0,1.0
pn,3.614,0.0,1.0
pn,3.615,0.0,1.0
pn,3.616,0.0,1.0
pn,3.617,0.0,1.0
pn,3.618,0.0,1.0
pn,3.619,0.0,1.0
pn,3.62,0.0,1.0
pn,3.621,0.0,1.0
pn,3.622,0.0,1.0
pn,3.623,0.0,1.0
pn,3.624,0.0,1.0
pn,3.625,0.0,1.0
pn,3.626,0.0,1.0
pn,3.627,0.0,1.0
pn,3.628,0.0,1.0
pn,3.629,0.0,1.0
pn,3.63,0.0,1.0
pn,3.631,0.0,1.0
pn,3.632,0.0,1.0
pn,3.633,0.0,1.0
pn,3.634,0.0,1.0
pn,3.635,0.0,1.0
pn,3.636,0.0,1.0
pn,3.637,0.0,1.0
pn,3.638,0.0,1.0
pn,3.639,0.0,1.0
pn,3.64,0.0,1.0
pn,3.641,0.0,1.0
pn,3.642,0.0,1.0
pn,3.643,0.0,1.0
pn,3.644,0.0,1.0
pn,3.645,0.0,1.0
pn,3.646,0.0,1.0
pn,3.647,0.0,1.0
pn,3.648,0.0,1.0
pn,3.649,0.0,1.0
pn,3.65,0.0,1.0
pn,3.651,0.0,1.0
pn,3.652,0.0,1.0
pn,3.653,0.0,1.0
pn,3.654,0.0,1.0
pn,3.655,0.0,1.0
pn,3.656,0.0,1.0
pn,3.657,0.0,1.0
pn,3.658,0.0,1.0
pn,3.659,0.0,1.0
pn,3.66,0.0,1.0
pn,3.661,0.0,1.0
pn,3.662,0.0,1.0
pn,3.663,0.0,1.0
pn,3.664,0.0,1.0
pn,3.665,0.0,1.0
pn,3.666,0.0,1.0
pn,3.667,0.0,1.0
pn,3.668,0.0,1.0
pn,3.669,0.0,1.0
pn,3.67,0.0,1.0
pn,3.671,0.0,1.0
pn,3.672,0.0,1.0
pn,3.673,0.0,1.0
pn,3.674,0.0,1.0
pn,3.675,0.0,1.0
pn,3.676,0.0,1.0
pn,3.677,0.0,1.0
pn,3.678,0.0,1.0
pn,3.679,0.0,1.0
pn,3.68,0.0,1.0
pn,3.681,0.0,1.0
pn,3.682,0.0,1.0
pn,3.683,0.0,1.0
pn,3.684,0.0,1.0
pn,3.685,0.0,1.0
pn,3.686,0.0,1.0
pn,3.687,0.0,1.0
pn,3.688,0.0,1.0
pn,3.689,0.0,1.0
pn,3.69,0.0,1.0
pn,3.691,0.0,1.0
pn,3.692,0.0,1.0
pn,3.693,0.0,1.0
pn,3.694,0.0,1.0
pn,3.695,0.0,1.0
pn,3.696,0.0,1.0
pn,3.697,0.0,1.0
pn,3.698,0.0,1.0
pn,3.699,0.0,1.0
pn,3.7,0.0,1.0
pn,3.701,0.0,1.0
pn,3.702,0.0,1.0
pn,3.703,0.0,1.0
pn,3.704,0.0,1.0
pn,3.705,0.0,1.0
pn,3.706,0.0,1.0
pn,3.707,0.0,1.0
pn,3.708,0.0,1.0
pn,3.709,0.0,1.0
pn,3.71,0.0,1.0
pn,3.711,0.0,1.0
pn,3.712,0.0,1.0
pn,3.713,0.0,1.0
pn,3.714,0.0,1.0
pn,3.715,0.0,1.0
pn,3.716,0.0,1.0
pn,3.717,0.0,1.0
pn,3.718,0.0,1.0
pn,3.719,0.0,1.0
pn,3.72,0.0,1.0
pn,3.721,0.0,1.0
pn,3.722,0.0,1.0
pn,3.723,0.0,1.0
pn,3.724,0.0,1.0
pn,3.725,0.0,1.0
pn,3.726,0.0,1.0
pn,3.727,0.0,1.0
pn,3.728,0.0,1.0
pn,3.729,0.0,1.0
pn,3.73,0.0,1.0
pn,3.731,0.0,1.0
pn,3.732,0.0,1.0
pn,3.733,0.0,1.0
pn,3.734,0.0,1.0
pn,3.735,0.0,1.0
pn,3.736,0.0,1.0
pn,3.737,0.0,1.0
pn,3.738,0.0,1.0
pn,3.739,0.0,1.0
pn,3.74,0.0,1.0
pn,3.741,0.0,1.0
pn,3.742,0.0,1.0
pn,3.743,0.0,1.0
pn,3.744,0.0,1.0
pn,3.745,0.0,1.0
pn,3.746,0.0,1.0
pn,3.747,0.0,1.0
pn,3.748,0.0,1.0
pn,3.749,0.0,1.0
pn,3.75,0.0,1.0
pn,3.751,0.0,1.0
pn,3.752,0.0,1.0
pn,3.753,0.0,1.0
pn,3.754,0.0,1.0
pn,3.755,0.0,1.0
pn,3.756,0.0,1.0
pn,3.757,0.0,1.0
pn,3.758,0.0,1.0
pn,3.759,0.0,1.0
pn,3.76,0.0,1.0
pn,3.761,0.0,1.0
pn,3.762,0.0,1.0
pn,3.763,0.0,1.0
pn,3.764,0.0,1.0
pn,3.765,0.0,1.0
pn,3.766,0.0,1.0
pn,3.767,0.0,1.0
pn,3.768,0.0,1.0
pn,3.769,0.0,1.0
pn,3.77,0.0,1.0
pn,3.771,0.0,1.0
pn,3.772,0.0,1.0
pn,3.773,0.0,1.0
pn,3.774,0.0,1.0
pn,3.775,0.0,1.0
pn,3.776,0.0,1.0
pn,3.777,0.0,1.0
pn,3.778,0.0,1.0
pn,3.779,0.0,1.0
pn,3.78,0.0,1.0
pn,3.781,0.0,1.0
pn,3.782,0.0,1.0
pn,3.783,0.0,1.0
pn,3.784,0.0,1.0
pn,3.785,0.0,1.0
pn,3.786,0.0,1.0
pn,3.787,0.0,1.0
pn,3.788,0.0,1.0
pn,3.789,0.0,1.0
pn,3.79,0.0,1.0
pn,3.791,0.0,1.0
pn,3.792,0.0,1.0
pn,3.793,0.0,1.0
pn,3.794,0.0,1.0
pn,3.795,0.0,1.0
pn,3.796,0.0,1.0
pn,3.797,0.0,1.0
pn,3.798,0.0,1.0
pn,3.799,0.0,1.0
pn,3.8,0.0,1.0
pn,3.801,0.0,1.0
pn,3.802,0.0,1.0
pn,3.803,0.0,1.0
pn,3.804,0.0,1.0
pn,3.805,0.0,1.0
pn,3.806,0.0,1.0
pn,3.807,0.0,1.0
pn,3.808,0.0,1.0
pn,3.809,0.0,1.0
pn,3.81,0.0,1.0
pn,3.811,0.0,1.0
pn,3.812,0.0,1.0
pn,3.813,0.0,1.0
pn,3.814,0.0,1.0
pn,3.815,0.0,1.0
pn,3.816,0.0,1.0
pn,3.817,0.0,1.0
pn,3.818,0.0,1.0
pn,3.819,0.0,1.0
pn,3.82,0.0,1.0
pn,3.821,0.0,1.0
pn,3.822,0.0,1.0
pn,3.823,0.0,1.0
pn,3.824,0.0,1.0
pn,3.825,0.0,1.0
pn,3.826,0.0,1.0
pn,3.827,0.0,1.0
pn,3.828,0.0,1.0
pn,3.829,0.0,1.0
pn,3.83,0.0,1.0
pn,3.831,0.0,1.0
pn,3.832,0.0,1.0
pn,3.833,0.0,1.0
pn,3.834,0.0,1.0
pn,3.835,0.0,1.0
pn,3.836,0.0,1.0
pn,3.837,0.0,1.0
pn,3.838,0.0,1.0
pn,3.839,0.0,1.0
pn,3.84,0.0,1.0
pn,3.841,0.0,1.0
pn,3.842,0.0,1.0
pn,3.843,0.0,1.0
pn,3.844,0.0,1.0
pn,3.845,0.0,1.0
pn,3.846,0.0,1.0
pn,3.847,0.0,1.0
pn,3.848,0.0,1.0
pn,3.849,0.0,1.0
pn,3.85,0.0,1.0
pn,3.851,0.0,1.0
pn,3.852,0.0,1.0
pn,3.853,0.0,1.0
pn,3.854,0.0,1.0
pn,3.855,0.0,1.0
pn,3.856,0.0,1.0
pn,3.857,0.0,1.0
pn,3.858,0.0,1.0
pn,3.859,0.0,1.0
pn,3.86,0.0,1.0
pn,3.861,0.0,1.0
pn,3.862,0.0,1.0
pn,3.863,0.0,1.0
pn,3.864,1.0,1.0
pn,3.865,0.0,1.0
pn,3.866,0.0,1.0
pn,3.867,0.0,1.0
pn,3.868,0.0,1.0
pn,3.869,0.0,1.0
pn,3.87,0.0,1.0
pn,3.871,0.0,1.0
pn,3.872,0.0,1.0
pn,3.873,0.0,1.0
pn,3.874,0.0,1.0
pn,3.875,0.0,1.0
pn,3.876,0.0,1.0
pn,3.877,0.0,1.0
pn,3.878,0.0,1.0
pn,3.879,0.0,1.0
pn,3.88,0.0,1.0
pn,3.881,0.0,1.0
pn,3.882,0.0,1.0
pn,3.883,0.0,1.0
pn,3.884,0.0,1.0
pn,3.885,0.0,1.0
pn,3.886,0.0,1.0
pn,3.887,0.0,1.0
pn,3.888,0.0,1.0
pn,3.889,0.0,1.0
pn,3.89,0.0,1.0
pn,3.891,0.0,1.0
pn,3.892,0.0,1.0
pn,3.893,0.0,1.0
pn,3.894,0.0,1.0
pn,3.895,0.0,1.0
pn,3.896,0.0,1.0
pn,3.897,0.0,1.0
pn,3.898,0.0,1.0
pn,3.899,0.0,1.0
pn,3.9,0.0,1.0
pn,3.901,0.0,1.0
pn,3.902,0.0,1.0
pn,3.903,0.0,1.0
pn,3.904,0.0,1.0
pn,3.905,0.0,1.0
pn,3.906,0.0,1.0
pn,3.907,0.0,1.0
pn,3.908,0.0,1.0
pn,3.909,0.0,1.0
pn,3.91,0.0,1.0
pn,3.911,0.0,1.0
pn,3.912,0.0,1.0
pn,3.913,0.0,1.0
pn,3.914,0.0,1.0
pn,3.915,0.0,1.0
pn,3.916,0.0,1.0
pn,3.917,0.0,1.0
pn,3.918,0.0,1.0
pn,3.919,0.0,1.0
pn,3.92,0.0,1.0
pn,3.921,0.0,1.0
pn,3.922,0.0,1.0
pn,3.923,0.0,1.0
pn,3.924,0.0,1.0
pn,3.925,0.0,1.0
pn,3.926,0.0,1.0
pn,3.927,0.0,1.0
pn,3.928,0.0,1.0
pn,3.929,0.0,1.0
pn,3.93,0.0,1.0
pn,3.931,0.0,1.0
pn,3.932,0.0,1.0
pn,3.933,0.0,1.0
pn,3.934,0.0,1.0
pn,3.935,0.0,1.0
pn,3.936,0.0,1.0
pn,3.937,0.0,1.0
pn,3.938,0.0,1.0
pn,3.939,0.0,1.0
pn,3.94,0.0,1.0
pn,3.941,0.0,1.0
pn,3.942,0.0,1.0
pn,3.943,0.0,1.0
pn,3.944,0.0,1.0
pn,3.945,0.0,1.0
pn,3.946,0.0,1.0
pn,3.947,0.0,1.0
pn,3.948,0.0,1.0
pn,3.949,0.0,1.0
pn,3.95,0.0,1.0
pn,3.951,0.0,1.0
pn,3.952,0.0,1.0
pn,3.953,0.0,1.0
pn,3.954,0.0,1.0
pn,3.955,0.0,1.0
pn,3.956,0.0,1.0
pn,3.957,0.0,1.0
pn,3.958,0.0,1.0
pn,3.959,0.0,1.0
pn,3.96,0.0,1.0
pn,3.961,0.0,1.0
pn,3.962,0.0,1.0
pn,3.963,0.0,1.0
pn,3.964,0.0,1.0
pn,3.965,0.0,1.0
pn,3.966,0.0,1.0
pn,3.967,0.0,1.0
pn,3.968,0.0,1.0
pn,3.969,0.0,1.0
pn,3.97,0.0,1.0
pn,3.971,0.0,1.0
pn,3.972,0.0,1.0
pn,3.973,0.0,1.0
pn,3.974,0.0,1.0
pn,3.975,0.0,1.0
pn,3.976,0.0,1.0
pn,3.977,0.0,1.0
pn,3.978,0.0,1.0
pn,3.979,0.0,1.0
pn,3.98,0.0,1.0
pn,3.981,0.0,1.0
pn,3.982,0.0,1.0
pn,3.983,0.0,1.0
pn,3.984,0.0,1.0
pn,3.985,0.0,1.0
pn,3.986,0.0,1.0
pn,3.987,0.0,1.0
pn,3.988,0.0,1.0
pn,3.989,0.0,1.0
pn,3.99,0.0,1.0
pn,3.991,0.0,1.0
pn,3.992,0.0,1.0
pn,3.993,0.0,1.0
pn,3.994,0.0,1.0
pn,3.995,0.0,1.0
pn,3.996,0.0,1.0
pn,3.997,0.0,1.0
pn,3.998,0.0,1.0
pn,3.999,0.0,1.0
pn,4.0,0.0,1.0
pn,4.001,0.0,1.0
pn,4.002,0.0,1.0
pn,4.003,0.0,1.0
pn,4.004,0.0,1.0
pn,4.005,0.0,1.0
pn,4.006,0.0,1.0
pn,4.007,0.0,1.0
pn,4.008,0.0,1.0
pn,4.009,0.0,1.0
pn,4.01,0.0,1.0
pn,4.011,0.0,1.0
pn,4.012,0.0,1.0
pn,4.013,0.0,1.0
pn,4.014,0.0,1.0
pn,4.015,0.0,1.0
pn,4.016,0.0,1.0
pn,4.017,0.0,1.0
pn,4.018,0.0,1.0
pn,4.019,0.0,1.0
pn,4.02,0.0,1.0
pn,4.021,0.0,1.0
pn,4.022,0.0,1.0
pn,4.023,0.0,1.0
pn,4.024,0.0,1.0
pn,4.025,0.0,1.0
pn,4.026,0.0,1.0
pn,4.027,0.0,1.0
pn,4.028,0.0,1.0
pn,4.029,0.0,1.0
pn,4.03,0.0,1.0
pn,4.031,0.0,1.0
pn,4.032,0.0,1.0
pn,4.033,0.0,1.0
pn,4.034,0.0,1.0
pn,4.035,0.0,1.0
pn,4.036,0.0,1.0
pn,4.037,0.0,1.0
pn,4.038,0.0,1.0
pn,4.039,0.0,1.0
pn,4.04,1.0,1.0
pn,4.041,0.0,1.0
pn,4.042,0.0,1.0
pn,4.043,0.0,1.0
pn,4.044,1.0,1.0
pn,4.045,0.0,1.0
pn,4.046,0.0,1.0
pn,4.047,0.0,1.0
pn,4.048,0.0,1.0
pn,4.049,0.0,1.0
pn,4.05,0.0,1.0
pn,4.051,0.0,1.0
pn,4.052,0.0,1.0
pn,4.053,0.0,1.0
pn,4.054,0.0,1.0
pn,4.055,0.0,1.0
pn,4.056,0.0,1.0
pn,4.057,0.0,1.0
pn,4.058,0.0,1.0
pn,4.059,0.0,1.0
pn,4.06,0.0,1.0
pn,4.061,0.0,1.0
pn,4.062,0.0,1.0
pn,4.063,0.0,1.0
pn,4.064,0.0,1.0
pn,4.065,0.0,1.0
pn,4.066,0.0,1.0
pn,4.067,0.0,1.0
pn,4.068,0.0,1.0
pn,4.069,0.0,1.0
pn,4.07,0.0,1.0
pn,4.071,0.0,1.0
pn,4.072,0.0,1.0
pn,4.073,0.0,1.0
pn,4.074,0.0,1.0
pn,4.075,0.0,1.0
pn,4.076,0.0,1.0
pn,4.077,0.0,1.0
pn,4.078,0.0,1.0
pn,4.079,0.0,1.0
pn,4.08,0.0,1.0
pn,4.081,0.0,1.0
pn,4.082,0.0,1.0
pn,4.083,0.0,1.0
pn,4.084,0.0,1.0
pn,4.085,0.0,1.0
pn,4.086,0.0,1.0
pn,4.087,0.0,1.0
pn,4.088,0.0,1.0
pn,4.089,0.0,1.0
pn,4.09,0.0,1.0
pn,4.091,0.0,1.0
pn,4.092,0.0,1.0
pn,4.093,0.0,1.0
pn,4.094,0.0,1.0
pn,4.095,0.0,1.0
mos1,0.0,0.0,1.0
mos1,0.001,0.0,1.0
mos1,0.002,0.0,1.0
mos1,0.003,0.0,1.0
mos1,0.004,0.0,1.0
mos1,0.005,0.0,1.0
mos1,0.006,0.0,1.0
mos1,0.007,0.0,1.0
mos1,0.008,0.0,1.0
mos1,0.009,0.0,1.0
mos1,0.01,0.0,1.0
mos1,0.011,0.0,1.0
mos1,0.012,0.0,1.0
mos1,0.013,0.0,1.0
mos1,0.014,0.0,1.0
mos1,0.015,0.0,1.0
mos1,0.016,0.0,1.0
mos1,0.017,0.0,1.0
mos1,0.018,2.0,1.4142135623730951
mos1,0.019,1.0,1.0
mos1,0.02,0.0,1.0
mos1,0.021,0.0,1.0
mos1,0.022,0.0,1.0
mos1,0.023,1.0,1.0
mos1,0.024,1.0,1.0
mos1,0.025,3.0,1.7320508075688772
mos1,0.026,1.0,1.0
mos1,0.027,0.0,1.0
mos1,0.028,2.0,1.4142135623730951
mos1,0.029,2.0,1.4142135623730951
mos1,0.03,1.0,1.0
mos1,0.031,0.0,1.0
mos1,0.032,1.0,1.0
mos1,0.033,0.0,1.0
mos1,0.034,2.0,1.4142135623730951
mos1,0.035,2.0,1.4142135623730951
mos1,0.036,1.0,1.0
mos1,0.037,1.0,1.0
mos1,0.038,2.0,1.4142135623730951
mos1,0.039,0.0,1.0
mos1,0.04,3.0,1.7320508075688772
mos1,0.041,1.0,1.0
mos1,0.042,2.0,1.4142135623730951
mos1,0.043,3.0,1.7320508075688772
mos1,0.044,0.0,1.0
mos1,0.045,1.0,1.0
mos1,0.046,0.0,1.0
mos1,0.047,0.0,1.0
mos1,0.048,1.0,1.0
mos1,0.049,2.0,1.4142135623730951
mos1,0.05,4.0,2.0
mos1,0.051,1.0,1.0
mos1,0.052,1.0,1.0
mos1,0.053,2.0,1.4142135623730951
mos1,0.054,2.0,1.4142135623730951
mos1,0.055,0.0,1.0
mos1,0.056,1.0,1.0
mos1,0.057,2.0,1.4142135623730951
mos1,0.058,2.0,1.4142135623730951
mos1,0.059,1.0,1.0
mos1,0.06,1.0,1.0
mos1,0.061,1.0,1.0
mos1,0.062,1.0,1.0
mos1,0.063,0.0,1.0
mos1,0.064,1.0,1.0
mos1,0.065,1.0,1.0
mos1,0.066,1.0,1.0
mos1,0.067,0.0,1.0
mos1,0.068,0.0,1.0
mos1,0.069,1.0,1.0
mos1,0.07,0.0,1.0
mos1,0.071,1.0,1.0
mos1,0.072,3.0,1.7320508075688772
mos1,0.073,1.0,1.0
mos1,0.074,0.0,1.0
mos1,0.075,1.0,1.0
mos1,0.076,0.0,1.0
mos1,0.077,2.0,1.4142135623730951
mos1,0.078,2.0,1.4142135623730951
mos1,0.079,1.0,1.0
mos1,0.08,1.0,1.0
mos1,0.081,2.0,1.4142135623730951
mos1,0.082,2.0,1.4142135623730951
mos1,0.083,3.0,1.7320508075688772
mos1,0.084,0.0,1.0
mos1,0.085,1.0,1.0
mos1,0.086,1.0,1.0
mos1,0.087,0.0,1.0
mos1,0.088,4.0,2.0
mos1,0.089,0.0,1.0
mos1,0.09,4.0,2.0
mos1,0.091,5.0,2.23606797749979
mos1,0.092,0.0,1.0
mos1,0.093,2.0,1.4142135623730951
mos1,0.094,3.0,1.7320508075688772
mos1,0.095,4.0,2.0
mos1,0.096,1.0,1.0
mos1,0.097,1.0,1.0
mos1,0.098,2.0,1.4142135623730951
mos1,0.099,6.0,2.449489742783178
mos1,0.1,2.0,1.4142135623730951
mos1,0.101,1.0,1.0
mos1,0.102,2.0,1.4142135623730951
mos1,0.103,1.0,1.0
mos1,0.104,3.0,1.7320508075688772
mos1,0.105,0.0,1.0
mos1,0.106,0.0,1.0
mos1,0.107,1.0,1.0
mos1,0.108,2.0,1.4142135623730951
mos1,0.109,1.0,1.0
mos1,0.11,0.0,1.0
mos1,0.111,0.0,1.0
mos1,0.112,1.0,1.0
mos1,0.113,2.0,1.4142135623730951
mos1,0.114,1.0,1.0
mos1,0.115,1.0,1.0
mos1,0.116,2.0,1.4142135623730951
mos1,0.117,0.0,1.0
mos1,0.118,3.0,1.7320508075688772
mos1,0.119,1.0,1.0
mos1,0.12,2.0,1.4142135623730951
mos1,0.121,1.0,1.0
mos1,0.122,1.0,1.0
mos1,0.123,0.0,1.0
mos1,0.124,3.0,1.7320508075688772
mos1,0.125,0.0,1.0
mos1,0.126,1.0,1.0
mos1,0.127,0.0,1.0
mos1,0.128,0.0,1.0
mos1,0.129,0.0,1.0
mos1,0.13,0.0,1.0
mos1,0.131,0.0,1.0
mos1,0.132,2.0,1.4142135623730951
mos1,0.133,1.0,1.0
mos1,0.134,0.0,1.0
mos1,0.135,1.0,1.0
mos1,0.136,1.0,1.0
mos1,0.137,0.0,1.0
mos1,0.138,3.0,1.7320508075688772
mos1,0.139,2.0,1.4142135623730951
mos1,0.14,1.0,1.0
mos1,0.141,1.0,1.0
mos1,0.142,1.0,1.0
mos1,0.143,3.0,1.7320508075688772
mos1,0.144,2.0,1.4142135623730951
mos1,0.145,0.0,1.0
mos1,0.146,2.0,1.4142135623730951
mos1,0.147,2.0,1.4142135623730951
mos1,0.148,1.0,1.0
mos1,0.149,1.0,1.0
mos1,0.15,1.0,1.0
mos1,0.151,0.0,1.0
mos1,0.152,0.0,1.0
mos1,0.153,1.0,1.0
mos1,0.154,0.0,1.0
mos1,0.155,0.0,1.0
mos1,0.156,1.0,1.0
mos1,0.157,2.0,1.4142135623730951
mos1,0.158,0.0,1.0
mos1,0.159,0.0,1.0
mos1,0.16,1.0,1.0
mos1,0.161,0.0,1.0
mos1,0.162,1.0,1.0
mos1,0.163,1.0,1.0
mos1,0.164,0.0,1.0
mos1,0.165,0.0,1.0
mos1,0.166,1.0,1.0
mos1,0.167,1.0,1.0
mos1,0.168,1.0,1.0
mos1,0.169,1.0,1.0
mos1,0.17,0.0,1.0
mos1,0.171,2.0,1.4142135623730951
mos1,0.172,4.0,2.0
mos1,0.173,1.0,1.0
mos1,0.174,1.0,1.0
mos1,0.175,2.0,1.4142135623730951
mos1,0.176,1.0,1.0
mos1,0.177,1.0,1.0
mos1,0.178,1.0,1.0
mos1,0.179,1.0,1.0
mos1,0.18,0.0,1.0
mos1,0.181,1.0,1.0
mos1,0.182,0.0,1.0
mos1,0.183,4.0,2.0
mos1,0.184,2.0,1.4142135623730951
mos1,0.185,1.0,1.0
mos1,0.186,2.0,1.4142135623730951
mos1,0.187,4.0,2.0
mos1,0.188,0.0,1.0
mos1,0.189,3.0,1.7320508075688772
mos1,0.19,0.0,1.0
mos1,0.191,3.0,1.7320508075688772
mos1,0.192,0.0,1.0
mos1,0.193,0.0,1.0
mos1,0.194,1.0,1.0
mos1,0.195,1.0,1.0
mos1,0.196,1.0,1.0
mos1,0.197,1.0,1.0
mos1,0.198,1.0,1.0
mos1,0.199,0.0,1.0
mos1,0.2,1.0,1.0
mos1,0.201,1.0,1.0
mos1,0.202,1.0,1.0
mos1,0.203,1.0,1.0
mos1,0.204,2.0,1.4142135623730951
mos1,0.205,3.0,1.7320508075688772
mos1,0.206,0.0,1.0
mos1,0.207,0.0,1.0
mos1,0.208,2.0,1.4142135623730951
mos1,0.209,0.0,1.0
mos1,0.21,2.0,1.4142135623730951
mos1,0.211,0.0,1.0
mos1,0.212,3.0,1.7320508075688772
mos1,0.213,2.0,1.4142135623730951
mos1,0.214,2.0,1.4142135623730951
mos1,0.215,0.0,1.0
mos1,0.216,5.0,2.23606797749979
mos1,0.217,0.0,1.0
mos1,0.218,3.0,1.7320508075688772
mos1,0.219,4.0,2.0
mos1,0.22,2.0,1.4142135623730951
mos1,0.221,1.0,1.0
mos1,0.222,2.0,1.4142135623730951
mos1,0.223,0.0,1.0
mos1,0.224,0.0,1.0
mos1,0.225,2.0,1.4142135623730951
mos1,0.226,0.0,1.0
mos1,0.227,2.0,1.4142135623730951
mos1,0.228,1.0,1.0
mos1,0.229,1.0,1.0
mos1,0.23,1.0,1.0
mos1,0.231,2.0,1.4142135623730951
mos1,0.232,1.0,1.0
mos1,0.233,3.0,1.7320508075688772
mos1,0.234,1.0,1.0
mos1,0.235,2.0,1.4142135623730951
mos1,0.236,0.0,1.0
mos1,0.237,1.0,1.0
mos1,0.238,0.0,1.0
mos1,0.239,2.0,1.4142135623730951
mos1,0.24,1.0,1.0
mos1,0.241,0.0,1.0
mos1,0.242,1.0,1.0
mos1,0.243,0.0,1.0
mos1,0.244,2.0,1.4142135623730951
mos1,0.245,0.0,1.0
mos1,0.246,0.0,1.0
mos1,0.247,3.0,1.7320508075688772
mos1,0.248,2.0,1.4142135623730951
mos1,0.249,0.0,1.0
mos1,0.25,0.0,1.0
mos1,0.251,1.0,1.0
mos1,0.252,0.0,1.0
mos1,0.253,1.0,1.0
mos1,0.254,1.0,1.0
mos1,0.255,1.0,1.0
mos1,0.256,0.0,1.0
mos1,0.257,2.0,1.4142135623730951
mos1,0.258,1.0,1.0
mos1,0.259,0.0,1.0
mos1,0.26,1.0,1.0
mos1,0.261,1.0,1.0
mos1,0.262,1.0,1.0
mos1,0.263,1.0,1.0
mos1,0.264,1.0,1.0
mos1,0.265,2.0,1.4142135623730951
mos1,0.266,1.0,1.0
mos1,0.267,2.0,1.4142135623730951
mos1,0.268,0.0,1.0
mos1,0.269,3.0,1.7320508075688772
mos1,0.27,3.0,1.7320508075688772
mos1,0.271,1.0,1.0
mos1,0.272,0.0,1.0
mos1,0.273,0.0,1.0
mos1,0.274,0.0,1.0
mos1,0.275,1.0,1.0
mos1,0.276,2.0,1.4142135623730951
mos1,0.277,1.0,1.0
mos1,0.278,0.0,1.0
mos1,0.279,1.0,1.0
mos1,0.28,1.0,1.0
mos1,0.281,2.0,1.4142135623730951
mos1,0.282,1.0,1.0
mos1,0.283,0.0,1.0
mos1,0.284,0.0,1.0
mos1,0.285,1.0,1.0
mos1,0.286,2.0,1.4142135623730951
mos1,0.287,3.0,1.7320508075688772
mos1,0.288,1.0,1.0
mos1,0.289,5.0,2.23606797749979
mos1,0.29,1.0,1.0
mos1,0.291,4.0,2.0
mos1,0.292,2.0,1.4142135623730951
mos1,0.293,2.0,1.4142135623730951
mos1,0.294,1.0,1.0
mos1,0.295,0.0,1.0
mos1,0.296,1.0,1.0
mos1,0.297,0.0,1.0
mos1,0.298,1.0,1.0
mos1,0.299,1.0,1.0
mos1,0.3,0.0,1.0
mos1,0.301,0.0,1.0
mos1,0.302,1.0,1.0
mos1,0.303,0.0,1.0
mos1,0.304,3.0,1.7320508075688772
mos1,0.305,2.0,1.4142135623730951
mos1,0.306,1.0,1.0
mos1,0.307,0.0,1.0
mos1,0.308,0.0,1.0
mos1,0.309,2.0,1.4142135623730951
mos1,0.31,0.0,1.0
mos1,0.311,1.0,1.0
mos1,0.312,1.0,1.0
mos1,0.313,2.0,1.4142135623730951
mos1,0.314,0.0,1.0
mos1,0.315,0.0,1.0
mos1,0.316,1.0,1.0
mos1,0.317,0.0,1.0
mos1,0.318,2.0,1.4142135623730951
mos1,0.319,1.0,1.0
mos1,0.32,0.0,1.0
mos1,0.321,0.0,1.0
mos1,0.322,0.0,1.0
mos1,0.323,1.0,1.0
mos1,0.324,1.0,1.0
mos1,0.325,1.0,1.0
mos1,0.326,0.0,1.0
mos1,0.327,0.0,1.0
mos1,0.328,1.0,1.0
mos1,0.329,0.0,1.0
mos1,0.33,0.0,1.0
mos1,0.331,2.0,1.4142135623730951
mos1,0.332,0.0,1.0
mos1,0.333,0.0,1.0
mos1,0.334,2.0,1.4142135623730951
mos1,0.335,2.0,1.4142135623730951
mos1,0.336,1.0,1.0
mos1,0.337,0.0,1.0
mos1,0.338,1.0,1.0
mos1,0.339,1.0,1.0
mos1,0.34,3.0,1.7320508075688772
mos1,0.341,0.0,1.0
mos1,0.342,1.0,1.0
mos1,0.343,0.0,1.0
mos1,0.344,0.0,1.0
mos1,0.345,1.0,1.0
mos1,0.346,1.0,1.0
mos1,0.347,1.0,1.0
mos1,0.348,0.0,1.0
mos1,0.349,0.0,1.0
mos1,0.35,1.0,1.0
mos1,0.351,1.0,1.0
mos1,0.352,0.0,1.0
mos1,0.353,0.0,1.0
mos1,0.354,0.0,1.0
mos1,0.355,1.0,1.0
mos1,0.356,0.0,1.0
mos1,0.357,1.0,1.0
mos1,0.358,1.0,1.0
mos1,0.359,0.0,1.0
mos1,0.36,3.0,1.7320508075688772
mos1,0.361,0.0,1.0
mos1,0.362,0.0,1.0
mos1,0.363,1.0,1.0
mos1,0.364,2.0,1.4142135623730951
mos1,0.365,1.0,1.0
mos1,0.366,1.0,1.0
mos1,0.367,0.0,1.0
mos1,0.368,0.0,1.0
mos1,0.369,0.0,1.0
mos1,0.37,0.0,1.0
mos1,0.371,0.0,1.0
mos1,0.372,0.0,1.0
mos1,0.373,1.0,1.0
mos1,0.374,0.0,1.0
mos1,0.375,0.0,1.0
mos1,0.376,1.0,1.0
mos1,0.377,0.0,1.0
mos1,0.378,2.0,1.4142135623730951
mos1,0.379,0.0,1.0
mos1,0.38,0.0,1.0
mos1,0.381,1.0,1.0
mos1,0.382,0.0,1.0
mos1,0.383,1.0,1.0
mos1,0.384,0.0,1.0
mos1,0.385,1.0,1.0
mos1,0.386,0.0,1.0
mos1,0.387,0.0,1.0
mos1,0.388,1.0,1.0
mos1,0.389,1.0,1.0
mos1,0.39,0.0,1.0
mos1,0.391,0.0,1.0
mos1,0.392,1.0,1.0
mos1,0.393,0.0,1.0
mos1,0.394,0.0,1.0
mos1,0.395,0.0,1.0
mos1,0.396,1.0,1.0
mos1,0.397,0.0,1.0
mos1,0.398,1.0,1.0
mos1,0.399,0.0,1.0
mos1,0.4,1.0,1.0
mos1,0.401,0.0,1.0
mos1,0.402,0.0,1.0
mos1,0.403,0.0,1.0
mos1,0.404,0.0,1.0
mos1,0.405,0.0,1.0
mos1,0.406,0.0,1.0
mos1,0.407,4.0,2.0
mos1,0.408,0.0,1.0
mos1,0.409,0.0,1.0
mos1,0.41,0.0,1.0
mos1,0.411,1.0,1.0
mos1,0.412,0.0,1.0
mos1,0.413,0.0,1.0
mos1,0.414,1.0,1.0
mos1,0.415,0.0,1.0
mos1,0.416,0.0,1.0
mos1,0.417,1.0,1.0
mos1,0.418,0.0,1.0
mos1,0.419,0.0,1.0
mos1,0.42,0.0,1.0
mos1,0.421,0.0,1.0
mos1,0.422,0.0,1.0
mos1,0.423,1.0,1.0
mos1,0.424,0.0,1.0
mos1,0.425,2.0,1.4142135623730951
mos1,0.426,0.0,1.0
mos1,0.427,1.0,1.0
mos1,0.428,0.0,1.0
mos1,0.429,1.0,1.0
mos1,0.43,0.0,1.0
mos1,0.431,0.0,1.0
mos1,0.432,0.0,1.0
mos1,0.433,0.0,1.0
mos1,0.434,0.0,1.0
mos1,0.435,0.0,1.0
mos1,0.436,0.0,1.0
mos1,0.437,0.0,1.0
mos1,0.438,1.0,1.0
mos1,0.439,0.0,1.0
mos1,0.44,1.0,1.0
mos1,0.441,1.0,1.0
mos1,0.442,0.0,1.0
mos1,0.443,0.0,1.0
mos1,0.444,0.0,1.0
mos1,0.445,1.0,1.0
mos1,0.446,0.0,1.0
mos1,0.447,0.0,1.0
mos1,0.448,0.0,1.0
mos1,0.449,0.0,1.0
mos1,0.45,2.0,1.4142135623730951
mos1,0.451,0.0,1.0
mos1,0.452,1.0,1.0
mos1,0.453,1.0,1.0
mos1,0.454,0.0,1.0
mos1,0.455,0.0,1.0
mos1,0.456,0.0,1.0
mos1,0.457,0.0,1.0
mos1,0.458,1.0,1.0
mos1,0.459,0.0,1.0
mos1,0.46,0.0,1.0
mos1,0.461,1.0,1.0
mos1,0.462,0.0,1.0
mos1,0.463,0.0,1.0
mos1,0.464,1.0,1.0
mos1,0.465,0.0,1.0
mos1,0.466,0.0,1.0
mos1,0.467,0.0,1.0
mos1,0.468,0.0,1.0
mos1,0.469,2.0,1.4142135623730951
mos1,0.47,0.0,1.0
mos1,0.471,0.0,1.0
mos1,0.472,0.0,1.0
mos1,0.473,0.0,1.0
mos1,0.474,0.0,1.0
mos1,0.475,0.0,1.0
mos1,0.476,0.0,1.0
mos1,0.477,0.0,1.0
mos1,0.478,0.0,1.0
mos1,0.479,0.0,1.0
mos1,0.48,0.0,1.0
mos1,0.481,1.0,1.0
mos1,0.482,0.0,1.0
mos1,0.483,1.0,1.0
mos1,0.484,1.0,1.0
mos1,0.485,0.0,1.0
mos1,0.486,0.0,1.0
mos1,0.487,0.0,1.0
mos1,0.488,0.0,1.0
mos1,0.489,1.0,1.0
mos1,0.49,1.0,1.0
mos1,0.491,0.0,1.0
mos1,0.492,0.0,1.0
mos1,0.493,2.0,1.4142135623730951
mos1,0.494,0.0,1.0
mos1,0.495,0.0,1.0
mos1,0.496,1.0,1.0
mos1,0.497,0.0,1.0
mos1,0.498,0.0,1.0
mos1,0.499,0.0,1.0
mos1,0.5,0.0,1.0
mos1,0.501,0.0,1.0
mos1,0.502,0.0,1.0
mos1,0.503,0.0,1.0
mos1,0.504,0.0,1.0
mos1,0.505,0.0,1.0
mos1,0.506,0.0,1.0
mos1,0.507,0.0,1.0
mos1,0.508,1.0,1.0
mos1,0.509,0.0,1.0
mos1,0.51,2.0,1.4142135623730951
mos1,0.511,0.0,1.0
mos1,0.512,0.0,1.0
mos1,0.513,0.0,1.0
mos1,0.514,0.0,1.0
mos1,0.515,2.0,1.4142135623730951
mos1,0.516,0.0,1.0
mos1,0.517,0.0,1.0
mos1,0.518,0.0,1.0
mos1,0.519,0.0,1.0
mos1,0.52,0.0,1.0
mos1,0.521,0.0,1.0
mos1,0.522,0.0,1.0
mos1,0.523,0.0,1.0
mos1,0.524,0.0,1.0
mos1,0.525,1.0,1.0
mos1,0.526,0.0,1.0
mos1,0.527,0.0,1.0
mos1,0.528,0.0,1.0
mos1,0.529,0.0,1.0
mos1,0.53,0.0,1.0
mos1,0.531,1.0,1.0
mos1,0.532,0.0,1.0
mos1,0.533,0.0,1.0
mos1,0.534,0.0,1.0
mos1,0.535,1.0,1.0
mos1,0.536,0.0,1.0
mos1,0.537,1.0,1.0
mos1,0.538,1.0,1.0
mos1,0.539,0.0,1.0
mos1,0.54,0.0,1.0
mos1,0.541,1.0,1.0
mos1,0.542,0.0,1.0
mos1,0.543,0.0,1.0
mos1,0.544,1.0,1.0
mos1,0.545,0.0,1.0
mos1,0.546,0.0,1.0
mos1,0.547,1.0,1.0
mos1,0.548,0.0,1.0
mos1,0.549,1.0,1.0
mos1,0.55,0.0,1.0
mos1,0.551,0.0,1.0
mos1,0.552,0.0,1.0
mos1,0.553,0.0,1.0
mos1,0.554,0.0,1.0
mos1,0.555,0.0,1.0
mos1,0.556,1.0,1.0
mos1,0.557,0.0,1.0
mos1,0.558,0.0,1.0
mos1,0.559,0.0,1.0
mos1,0.56,0.0,1.0
mos1,0.561,1.0,1.0
mos1,0.562,0.0,1.0
mos1,0.563,0.0,1.0
mos1,0.564,1.0,1.0
mos1,0.565,1.0,1.0
mos1,0.566,0.0,1.0
mos1,0.567,0.0,1.0
mos1,0.568,0.0,1.0
mos1,0.569,0.0,1.0
mos1,0.57,0.0,1.0
mos1,0.571,0.0,1.0
mos1,0.572,0.0,1.0
mos1,0.573,0.0,1.0
mos1,0.574,0.0,1.0
mos1,0.575,1.0,1.0
mos1,0.576,0.0,1.0
mos1,0.577,0.0,1.0
mos1,0.578,0.0,1.0
mos1,0.579,0.0,1.0
mos1,0.58,0.0,1.0
mos1,0.581,0.0,1.0
mos1,0.582,0.0,1.0
mos1,0.583,0.0,1.0
mos1,0.584,0.0,1.0
mos1,0.585,0.0,1.0
mos1,0.586,0.0,1.0
mos1,0.587,0.0,1.0
mos1,0.588,0.0,1.0
mos1,0.589,0.0,1.0
mos1,0.59,0.0,1.0
mos1,0.591,0.0,1.0
mos1,0.592,0.0,1.0
mos1,0.593,0.0,1.0
mos1,0.594,0.0,1.0
mos1,0.595,0.0,1.0
mos1,0.596,0.0,1.0
mos1,0.597,1.0,1.0
mos1,0.598,0.0,1.0
mos1,0.599,0.0,1.0
mos1,0.6,0.0,1.0
mos1,0.601,0.0,1.0
mos1,0.602,0.0,1.0
mos1,0.603,0.0,1.0
mos1,0.604,0.0,1.0
mos1,0.605,0.0,1.0
mos1,0.606,0.0,1.0
mos1,0.607,0.0,1.0
mos1,0.608,0.0,1.0
mos1,0.609,0.0,1.0
mos1,0.61,0.0,1.0
mos1,0.611,0.0,1.0
mos1,0.612,0.0,1.0
mos1,0.613,0.0,1.0
mos1,0.614,0.0,1.0
mos1,0.615,0.0,1.0
mos1,0.616,1.0,1.0
mos1,0.617,0.0,1.0
mos1,0.618,0.0,1.0
mos1,0.619,0.0,1.0
mos1,0.62,0.0,1.0
mos1,0.621,0.0,1.0
mos1,0.622,1.0,1.0
mos1,0.623,0.0,1.0
mos1,0.624,0.0,1.0
mos1,0.625,0.0,1.0
mos1,0.626,0.0,1.0
mos1,0.627,0.0,1.0
mos1,0.628,0.0,1.0
mos1,0.629,0.0,1.0
mos1,0.63,0.0,1.0
mos1,0.631,0.0,1.0
mos1,0.632,0.0,1.0
mos1,0.633,0.0,1.0
mos1,0.634,2.0,1.4142135623730951
mos1,0.635,0.0,1.0
mos1,0.636,0.0,1.0
mos1,0.637,0.0,1.0
mos1,0.638,0.0,1.0
mos1,0.639,0.0,1.0
mos1,0.64,1.0,1.0
mos1,0.641,0.0,1.0
mos1,0.642,0.0,1.0
mos1,0.643,0.0,1.0
mos1,0.644,0.0,1.0
mos1,0.645,0.0,1.0
mos1,0.646,0.0,1.0
mos1,0.647,0.0,1.0
mos1,0.648,0.0,1.0
mos1,0.649,0.0,1.0
mos1,0.65,0.0,1.0
mos1,0.651,0.0,1.0
mos1,0.652,0.0,1.0
mos1,0.653,0.0,1.0
mos1,0.654,0.0,1.0
mos1,0.655,1.0,1.0
mos1,0.656,0.0,1.0
mos1,0.657,0.0,1.0
mos1,0.658,0.0,1.0
mos1,0.659,0.0,1.0
mos1,0.66,0.0,1.0
mos1,0.661,0.0,1.0
mos1,0.662,0.0,1.0
mos1,0.663,0.0,1.0
mos1,0.664,0.0,1.0
mos1,0.665,1.0,1.0
mos1,0.666,0.0,1.0
mos1,0.667,0.0,1.0
mos1,0.668,0.0,1.0
mos1,0.669,0.0,1.0
mos1,0.67,0.0,1.0
mos1,0.671,0.0,1.0
mos1,0.672,0.0,1.0
mos1,0.673,0.0,1.0
mos1,0.674,0.0,1.0
mos1,0.675,0.0,1.0
mos1,0.676,0.0,1.0
mos1,0.677,0.0,1.0
mos1,0.678,1.0,1.0
mos1,0.679,0.0,1.0
mos1,0.68,1.0,1.0
mos1,0.681,0.0,1.0
mos1,0.682,0.0,1.0
mos1,0.683,0.0,1.0
mos1,0.684,0.0,1.0
mos1,0.685,0.0,1.0
mos1,0.686,0.0,1.0
mos1,0.687,0.0,1.0
mos1,0.688,1.0,1.0
mos1,0.689,1.0,1.0
mos1,0.69,0.0,1.0
mos1,0.691,0.0,1.0
mos1,0.692,0.0,1.0
mos1,0.693,0.0,1.0
mos1,0.694,0.0,1.0
mos1,0.695,0.0,1.0
mos1,0.696,0.0,1.0
mos1,0.697,0.0,1.0
mos1,0.698,1.0,1.0
mos1,0.699,0.0,1.0
mos1,0.7,0.0,1.0
mos1,0.701,0.0,1.0
mos1,0.702,0.0,1.0
mos1,0.703,0.0,1.0
mos1,0.704,0.0,1.0
mos1,0.705,0.0,1.0
mos1,0.706,0.0,1.0
mos1,0.707,0.0,1.0
mos1,0.708,0.0,1.0
mos1,0.709,0.0,1.0
mos1,0.71,0.0,1.0
mos1,0.711,0.0,1.0
mos1,0.712,0.0,1.0
mos1,0.713,0.0,1.0
mos1,0.714,0.0,1.0
mos1,0.715,0.0,1.0
mos1,0.716,0.0,1.0
mos1,0.717,1.0,1.0
mos1,0.718,0.0,1.0
mos1,0.719,0.0,1.0
mos1,0.72,0.0,1.0
mos1,0.721,0.0,1.0
mos1,0.722,1.0,1.0
mos1,0.723,0.0,1.0
mos1,0.724,0.0,1.0
mos1,0.725,0.0,1.0
mos1,0.726,0.0,1.0
mos1,0.727,0.0,1.0
mos1,0.728,0.0,1.0
mos1,0.729,0.0,1.0
mos1,0.73,1.0,1.0
mos1,0.731,0.0,1.0
mos1,0.732,0.0,1.0
mos1,0.733,1.0,1.0
mos1,0.734,0.0,1.0
mos1,0.735,0.0,1.0
mos1,0.736,0.0,1.0
mos1,0.737,0.0,1.0
mos1,0.738,0.0,1.0
mos1,0.739,0.0,1.0
mos1,0.74,0.0,1.0
mos1,0.741,0.0,1.0
mos1,0.742,0.0,1.0
mos1,0.743,0.0,1.0
mos1,0.744,0.0,1.0
mos1,0.745,0.0,1.0
mos1,0.746,0.0,1.0
mos1,0.747,0.0,1.0
mos1,0.748,0.0,1.0
mos1,0.749,0.0,1.0
mos1,0.75,0.0,1.0
mos1,0.751,0.0,1.0
mos1,0.752,0.0,1.0
mos1,0.753,1.0,1.0
mos1,0.754,0.0,1.0
mos1,0.755,0.0,1.0
mos1,0.756,0.0,1.0
mos1,0.757,0.0,1.0
mos1,0.758,0.0,1.0
mos1,0.759,0.0,1.0
mos1,0.76,0.0,1.0
mos1,0.761,0.0,1.0
mos1,0.762,0.0,1.0
mos1,0.763,1.0,1.0
mos1,0.764,1.0,1.0
mos1,0.765,0.0,1.0
mos1,0.766,1.0,1.0
mos1,0.767,0.0,1.0
mos1,0.768,0.0,1.0
mos1,0.769,0.0,1.0
mos1,0.77,0.0,1.0
mos1,0.771,0.0,1.0
mos1,0.772,0.0,1.0
mos1,0.773,0.0,1.0
mos1,0.774,0.0,1.0
mos1,0.775,0.0,1.0
mos1,0.776,0.0,1.0
mos1,0.777,0.0,1.0
mos1,0.778,0.0,1.0
mos1,0.779,1.0,1.0
mos1,0.78,0.0,1.0
mos1,0.781,0.0,1.0
mos1,0.782,1.0,1.0
mos1,0.783,0.0,1.0
mos1,0.784,0.0,1.0
mos1,0.785,0.0,1.0
mos1,0.786,0.0,1.0
mos1,0.787,0.0,1.0
mos1,0.788,0.0,1.0
mos1,0.789,0.0,1.0
mos1,0.79,0.0,1.0
mos1,0.791,0.0,1.0
mos1,0.792,0.0,1.0
mos1,0.793,0.0,1.0
mos1,0.794,1.0,1.0
mos1,0.795,0.0,1.0
mos1,0.796,0.0,1.0
mos1,0.797,1.0,1.0
mos1,0.798,0.0,1.0
mos1,0.799,2.0,1.4142135623730951
mos1,0.8,0.0,1.0
mos1,0.801,0.0,1.0
mos1,0.802,0.0,1.0
mos1,0.803,0.0,1.0
mos1,0.804,0.0,1.0
mos1,0.805,0.0,1.0
mos1,0.806,0.0,1.0
mos1,0.807,0.0,1.0
mos1,0.808,1.0,1.0
mos1,0.809,0.0,1.0
mos1,0.81,0.0,1.0
mos1,0.811,1.0,1.0
mos1,0.812,0.0,1.0
mos1,0.813,0.0,1.0
mos1,0.814,0.0,1.0
mos1,0.815,0.0,1.0
mos1,0.816,1.0,1.0
mos1,0.817,0.0,1.0
mos1,0.818,0.0,1.0
mos1,0.819,0.0,1.0
mos1,0.82,0.0,1.0
mos1,0.821,0.0,1.0
mos1,0.822,0.0,1.0
mos1,0.823,1.0,1.0
mos1,0.824,0.0,1.0
mos1,0.825,0.0,1.0
mos1,0.826,0.0,1.0
mos1,0.827,0.0,1.0
mos1,0.828,0.0,1.0
mos1,0.829,0.0,1.0
mos1,0.83,0.0,1.0
mos1,0.831,0.0,1.0
mos1,0.832,0.0,1.0
mos1,0.833,0.0,1.0
mos1,0.834,0.0,1.0
mos1,0.835,0.0,1.0
mos1,0.836,0.0,1.0
mos1,0.837,0.0,1.0
mos1,0.838,0.0,1.0
mos1,0.839,0.0,1.0
mos1,0.84,0.0,1.0
mos1,0.841,0.0,1.0
mos1,0.842,0.0,1.0
mos1,0.843,0.0,1.0
mos1,0.844,0.0,1.0
mos1,0.845,0.0,1.0
mos1,0.846,0.0,1.0
mos1,0.847,0.0,1.0
mos1,0.848,0.0,1.0
mos1,0.849,0.0,1.0
mos1,0.85,0.0,1.0
mos1,0.851,0.0,1.0
mos1,0.852,1.0,1.0
mos1,0.853,0.0,1.0
mos1,0.854,0.0,1.0
mos1,0.855,0.0,1.0
mos1,0.856,0.0,1.0
mos1,0.857,0.0,1.0
mos1,0.858,0.0,1.0
mos1,0.859,0.0,1.0
mos1,0.86,0.0,1.0
mos1,0.861,0.0,1.0
mos1,0.862,0.0,1.0
mos1,0.863,1.0,1.0
mos1,0.864,0.0,1.0
mos1,0.865,0.0,1.0
mos1,0.866,0.0,1.0
mos1,0.867,0.0,1.0
mos1,0.868,0.0,1.0
mos1,0.869,2.0,1.4142135623730951
mos1,0.87,0.0,1.0
mos1,0.871,0.0,1.0
mos1,0.872,0.0,1.0
mos1,0.873,0.0,1.0
mos1,0.874,1.0,1.0
mos1,0.875,0.0,1.0
mos1,0.876,0.0,1.0
mos1,0.877,0.0,1.0
mos1,0.878,0.0,1.0
mos1,0.879,0.0,1.0
mos1,0.88,0.0,1.0
mos1,0.881,0.0,1.0
mos1,0.882,0.0,1.0
mos1,0.883,0.0,1.0
mos1,0.884,0.0,1.0
mos1,0.885,0.0,1.0
mos1,0.886,0.0,1.0
mos1,0.887,0.0,1.0
mos1,0.888,0.0,1.0
mos1,0.889,0.0,1.0
mos1,0.89,1.0,1.0
mos1,0.891,0.0,1.0
mos1,0.892,0.0,1.0
mos1,0.893,0.0,1.0
mos1,0.894,0.0,1.0
mos1,0.895,0.0,1.0
mos1,0.896,0.0,1.0
mos1,0.897,0.0,1.0
mos1,0.898,0.0,1.0
mos1,0.899,0.0,1.0
mos1,0.9,0.0,1.0
mos1,0.901,0.0,1.0
mos1,0.902,1.0,1.0
mos1,0.903,0.0,1.0
mos1,0.904,0.0,1.0
mos1,0.905,0.0,1.0
mos1,0.906,0.0,1.0
mos1,0.907,0.0,1.0
mos1,0.908,0.0,1.0
mos1,0.909,0.0,1.0
mos1,0.91,0.0,1.0
mos1,0.911,0.0,1.0
mos1,0.912,0.0,1.0
mos1,0.913,1.0,1.0
mos1,0.914,0.0,1.0
mos1,0.915,0.0,1.0
mos1,0.916,0.0,1.0
mos1,0.917,0.0,1.0
mos1,0.918,0.0,1.0
mos1,0.919,0.0,1.0
mos1,0.92,0.0,1.0
mos1,0.921,0.0,1.0
mos1,0.922,0.0,1.0
mos1,0.923,1.0,1.0
mos1,0.924,0.0,1.0
mos1,0.925,0.0,1.0
mos1,0.926,0.0,1.0
mos1,0.927,0.0,1.0
mos1,0.928,1.0,1.0
mos1,0.929,0.0,1.0
mos1,0.93,0.0,1.0
mos1,0.931,0.0,1.0
mos1,0.932,0.0,1.0
mos1,0.933,0.0,1.0
mos1,0.934,0.0,1.0
mos1,0.935,0.0,1.0
mos1,0.936,0.0,1.0
mos1,0.937,0.0,1.0
mos1,0.938,0.0,1.0
mos1,0.939,0.0,1.0
mos1,0.94,2.0,1.4142135623730951
mos1,0.941,0.0,1.0
mos1,0.942,0.0,1.0
mos1,0.943,0.0,1.0
mos1,0.944,1.0,1.0
mos1,0.945,0.0,1.0
mos1,0.946,0.0,1.0
mos1,0.947,0.0,1.0
mos1,0.948,0.0,1.0
mos1,0.949,1.0,1.0
mos1,0.95,0.0,1.0
mos1,0.951,0.0,1.0
mos1,0.952,0.0,1.0
mos1,0.953,0.0,1.0
mos1,0.954,0.0,1.0
mos1,0.955,0.0,1.0
mos1,0.956,0.0,1.0
mos1,0.957,0.0,1.0
mos1,0.958,0.0,1.0
mos1,0.959,0.0,1.0
mos1,0.96,0.0,1.0
mos1,0.961,0.0,1.0
mos1,0.962,0.0,1.0
mos1,0.963,0.0,1.0
mos1,0.964,0.0,1.0
mos1,0.965,0.0,1.0
mos1,0.966,0.0,1.0
mos1,0.967,1.0,1.0
mos1,0.968,1.0,1.0
mos1,0.969,0.0,1.0
mos1,0.97,0.0,1.0
mos1,0.971,0.0,1.0
mos1,0.972,0.0,1.0
mos1,0.973,0.0,1.0
mos1,0.974,0.0,1.0
mos1,0.975,0.0,1.0
mos1,0.976,0.0,1.0
mos1,0.977,0.0,1.0
mos1,0.978,0.0,1.0
mos1,0.979,0.0,1.0
mos1,0.98,0.0,1.0
mos1,0.981,0.0,1.0
mos1,0.982,0.0,1.0
mos1,0.983,0.0,1.0
mos1,0.984,0.0,1.0
mos1,0.985,0.0,1.0
mos1,0.986,0.0,1.0
mos1,0.987,0.0,1.0
mos1,0.988,0.0,1.0
mos1,0.989,0.0,1.0
mos1,0.99,0.0,1.0
mos1,0.991,0.0,1.0
mos1,0.992,0.0,1.0
mos1,0.993,0.0,1.0
mos1,0.994,0.0,1.0
mos1,0.995,0.0,1.0
mos1,0.996,0.0,1.0
mos1,0.997,0.0,1.0
mos1,0.998,0.0,1.0
mos1,0.999,1.0,1.0
mos1,1.0,0.0,1.0
mos1,1.001,0.0,1.0
mos1,1.002,0.0,1.0
mos1,1.003,0.0,1.0
mos1,1.004,0.0,1.0
mos1,1.005,0.0,1.0
mos1,1.006,0.0,1.0
mos1,1.007,0.0,1.0
mos1,1.008,0.0,1.0
mos1,1.009,1.0,1.0
mos1,1.01,0.0,1.0
mos1,1.011,0.0,1.0
mos1,1.012,0.0,1.0
mos1,1.013,0.0,1.0
mos1,1.014,0.0,1.0
mos1,1.015,0.0,1.0
mos1,1.016,0.0,1.0
mos1,1.017,1.0,1.0
mos1,1.018,0.0,1.0
mos1,1.019,0.0,1.0
mos1,1.02,1.0,1.0
mos1,1.021,0.0,1.0
mos1,1.022,0.0,1.0
mos1,1.023,0.0,1.0
mos1,1.024,0.0,1.0
mos1,1.025,0.0,1.0
mos1,1.026,0.0,1.0
mos1,1.027,1.0,1.0
mos1,1.028,0.0,1.0
mos1,1.029,0.0,1.0
mos1,1.03,1.0,1.0
mos1,1.031,0.0,1.0
mos1,1.032,0.0,1.0
mos1,1.033,0.0,1.0
mos1,1.034,0.0,1.0
mos1,1.035,0.0,1.0
mos1,1.036,0.0,1.0
mos1,1.037,0.0,1.0
mos1,1.038,0.0,1.0
mos1,1.039,0.0,1.0
mos1,1.04,0.0,1.0
mos1,1.041,0.0,1.0
mos1,1.042,0.0,1.0
mos1,1.043,0.0,1.0
mos1,1.044,0.0,1.0
mos1,1.045,0.0,1.0
mos1,1.046,0.0,1.0
mos1,1.047,0.0,1.0
mos1,1.048,0.0,1.0
mos1,1.049,0.0,1.0
mos1,1.05,0.0,1.0
mos1,1.051,0.0,1.0
mos1,1.052,0.0,1.0
mos1,1.053,0.0,1.0
mos1,1.054,1.0,1.0
mos1,1.055,0.0,1.0
mos1,1.056,0.0,1.0
mos1,1.057,0.0,1.0
mos1,1.058,0.0,1.0
mos1,1.059,0.0,1.0
mos1,1.06,0.0,1.0
mos1,1.061,0.0,1.0
mos1,1.062,0.0,1.0
mos1,1.063,0.0,1.0
mos1,1.064,1.0,1.0
mos1,1.065,0.0,1.0
mos1,1.066,0.0,1.0
mos1,1.067,0.0,1.0
mos1,1.068,0.0,1.0
mos1,1.069,0.0,1.0
mos1,1.07,0.0,1.0
mos1,1.071,0.0,1.0
mos1,1.072,0.0,1.0
mos1,1.073,0.0,1.0
mos1,1.074,0.0,1.0
mos1,1.075,0.0,1.0
mos1,1.076,0.0,1.0
mos1,1.077,0.0,1.0
mos1,1.078,0.0,1.0
mos1,1.079,0.0,1.0
mos1,1.08,0.0,1.0
mos1,1.081,0.0,1.0
mos1,1.082,0.0,1.0
mos1,1.083,0.0,1.0
mos1,1.084,0.0,1.0
mos1,1.085,0.0,1.0
mos1,1.086,1.0,1.0
mos1,1.087,0.0,1.0
mos1,1.088,1.0,1.0
mos1,1.089,0.0,1.0
mos1,1.09,1.0,1.0
mos1,1.091,0.0,1.0
mos1,1.092,0.0,1.0
mos1,1.093,0.0,1.0
mos1,1.094,1.0,1.0
mos1,1.095,0.0,1.0
mos1,1.096,0.0,1.0
mos1,1.097,0.0,1.0
mos1,1.098,0.0,1.0
mos1,1.099,0.0,1.0
mos1,1.1,0.0,1.0
mos1,1.101,0.0,1.0
mos1,1.102,0.0,1.0
mos1,1.103,0.0,1.0
mos1,1.104,0.0,1.0
mos1,1.105,0.0,1.0
mos1,1.106,0.0,1.0
mos1,1.107,0.0,1.0
mos1,1.108,1.0,1.0
mos1,1.109,1.0,1.0
mos1,1.11,0.0,1.0
mos1,1.111,0.0,1.0
mos1,1.112,0.0,1.0
mos1,1.113,0.0,1.0
mos1,1.114,0.0,1.0
mos1,1.115,0.0,1.0
mos1,1.116,0.0,1.0
mos1,1.117,0.0,1.0
mos1,1.118,0.0,1.0
mos1,1.119,0.0,1.0
mos1,1.12,0.0,1.0
mos1,1.121,0.0,1.0
mos1,1.122,0.0,1.0
mos1,1.123,0.0,1.0
mos1,1.124,0.0,1.0
mos1,1.125,0.0,1.0
mos1,1.126,0.0,1.0
mos1,1.127,0.0,1.0
mos1,1.128,1.0,1.0
mos1,1.129,0.0,1.0
mos1,1.13,0.0,1.0
mos1,1.131,0.0,1.0
mos1,1.132,0.0,1.0
mos1,1.133,0.0,1.0
mos1,1.134,0.0,1.0
mos1,1.135,2.0,1.4142135623730951
mos1,1.136,1.0,1.0
mos1,1.137,0.0,1.0
mos1,1.138,0.0,1.0
mos1,1.139,0.0,1.0
mos1,1.14,1.0,1.0
mos1,1.141,0.0,1.0
mos1,1.142,0.0,1.0
mos1,1.143,0.0,1.0
mos1,1.144,0.0,1.0
mos1,1.145,0.0,1.0
mos1,1.146,0.0,1.0
mos1,1.147,0.0,1.0
mos1,1.148,0.0,1.0
mos1,1.149,0.0,1.0
mos1,1.15,0.0,1.0
mos1,1.151,0.0,1.0
mos1,1.152,0.0,1.0
mos1,1.153,0.0,1.0
mos1,1.154,1.0,1.0
mos1,1.155,1.0,1.0
mos1,1.156,0.0,1.0
mos1,1.157,0.0,1.0
mos1,1.158,0.0,1.0
mos1,1.159,0.0,1.0
mos1,1.16,0.0,1.0
mos1,1.161,0.0,1.0
mos1,1.162,0.0,1.0
mos1,1.163,0.0,1.0
mos1,1.164,0.0,1.0
mos1,1.165,0.0,1.0
mos1,1.166,0.0,1.0
mos1,1.167,0.0,1.0
mos1,1.168,0.0,1.0
mos1,1.169,0.0,1.0
mos1,1.17,0.0,1.0
mos1,1.171,0.0,1.0
mos1,1.172,0.0,1.0
mos1,1.173,0.0,1.0
mos1,1.174,0.0,1.0
mos1,1.175,0.0,1.0
mos1,1.176,0.0,1.0
mos1,1.177,0.0,1.0
mos1,1.178,0.0,1.0
mos1,1.179,0.0,1.0
mos1,1.18,0.0,1.0
mos1,1.181,0.0,1.0
mos1,1.182,0.0,1.0
mos1,1.183,0.0,1.0
mos1,1.184,0.0,1.0
mos1,1.185,0.0,1.0
mos1,1.186,0.0,1.0
mos1,1.187,0.0,1.0
mos1,1.188,0.0,1.0
mos1,1.189,0.0,1.0
mos1,1.19,0.0,1.0
mos1,1.191,0.0,1.0
mos1,1.192,0.0,1.0
mos1,1.193,0.0,1.0
mos1,1.194,0.0,1.0
mos1,1.195,0.0,1.0
mos1,1.196,0.0,1.0
mos1,1.197,0.0,1.0
mos1,1.198,0.0,1.0
mos1,1.199,0.0,1.0
mos1,1.2,1.0,1.0
mos1,1.201,0.0,1.0
mos1,1.202,0.0,1.0
mos1,1.203,0.0,1.0
mos1,1.204,0.0,1.0
mos1,1.205,0.0,1.0
mos1,1.206,1.0,1.0
mos1,1.207,0.0,1.0
mos1,1.208,0.0,1.0
mos1,1.209,0.0,1.0
mos1,1.21,0.0,1.0
mos1,1.211,0.0,1.0
mos1,1.212,0.0,1.0
mos1,1.213,0.0,1.0
mos1,1.214,0.0,1.0
mos1,1.215,0.0,1.0
mos1,1.216,0.0,1.0
mos1,1.217,0.0,1.0
mos1,1.218,0.0,1.0
mos1,1.219,0.0,1.0
mos1,1.22,0.0,1.0
mos1,1.221,0.0,1.0
mos1,1.222,1.0,1.0
mos1,1.223,0.0,1.0
mos1,1.224,0.0,1.0
mos1,1.225,0.0,1.0
mos1,1.226,0.0,1.0
mos1,1.227,0.0,1.0
mos1,1.228,0.0,1.0
mos1,1.229,0.0,1.0
mos1,1.23,0.0,1.0
mos1,1.231,0.0,1.0
mos1,1.232,0.0,1.0
mos1,1.233,0.0,1.0
mos1,1.234,0.0,1.0
mos1,1.235,0.0,1.0
mos1,1.236,0.0,1.0
mos1,1.237,0.0,1.0
mos1,1.238,0.0,1.0
mos1,1.239,1.0,1.0
mos1,1.24,0.0,1.0
mos1,1.241,0.0,1.0
mos1,1.242,0.0,1.0
mos1,1.243,0.0,1.0
mos1,1.244,0.0,1.0
mos1,1.245,0.0,1.0
mos1,1.246,0.0,1.0
mos1,1.247,1.0,1.0
mos1,1.248,0.0,1.0
mos1,1.249,0.0,1.0
mos1,1.25,0.0,1.0
mos1,1.251,0.0,1.0
mos1,1.252,0.0,1.0
mos1,1.253,0.0,1.0
mos1,1.254,0.0,1.0
mos1,1.255,0.0,1.0
mos1,1.256,0.0,1.0
mos1,1.257,0.0,1.0
mos1,1.258,0.0,1.0
mos1,1.259,0.0,1.0
mos1,1.26,0.0,1.0
mos1,1.261,0.0,1.0
mos1,1.262,0.0,1.0
mos1,1.263,0.0,1.0
mos1,1.264,0.0,1.0
mos1,1.265,0.0,1.0
mos1,1.266,0.0,1.0
mos1,1.267,0.0,1.0
mos1,1.268,0.0,1.0
mos1,1.269,0.0,1.0
mos1,1.27,0.0,1.0
mos1,1.271,0.0,1.0
mos1,1.272,0.0,1.0
mos1,1.273,0.0,1.0
mos1,1.274,0.0,1.0
mos1,1.275,0.0,1.0
mos1,1.276,0.0,1.0
mos1,1.277,0.0,1.0
mos1,1.278,0.0,1.0
mos1,1.279,0.0,1.0
mos1,1.28,0.0,1.0
mos1,1.281,0.0,1.0
mos1,1.282,0.0,1.0
mos1,1.283,0.0,1.0
mos1,1.284,0.0,1.0
mos1,1.285,0.0,1.0
mos1,1.286,0.0,1.0
mos1,1.287,0.0,1.0
mos1,1.288,0.0,1.0
mos1,1.289,0.0,1.0
mos1,1.29,0.0,1.0
mos1,1.291,0.0,1.0
mos1,1.292,0.0,1.0
mos1,1.293,1.0,1.0
mos1,1.294,0.0,1.0
mos1,1.295,1.0,1.0
mos1,1.296,0.0,1.0
mos1,1.297,0.0,1.0
mos1,1.298,0.0,1.0
mos1,1.299,0.0,1.0
mos1,1.3,0.0,1.0
mos1,1.301,1.0,1.0
mos1,1.302,0.0,1.0
mos1,1.303,0.0,1.0
mos1,1.304,0.0,1.0
mos1,1.305,0.0,1.0
mos1,1.306,0.0,1.0
mos1,1.307,0.0,1.0
mos1,1.308,0.0,1.0
mos1,1.309,0.0,1.0
mos1,1.31,0.0,1.0
mos1,1.311,0.0,1.0
mos1,1.312,1.0,1.0
mos1,1.313,0.0,1.0
mos1,1.314,0.0,1.0
mos1,1.315,0.0,1.0
mos1,1.316,0.0,1.0
mos1,1.317,0.0,1.0
mos1,1.318,0.0,1.0
mos1,1.319,0.0,1.0
mos1,1.32,1.0,1.0
mos1,1.321,0.0,1.0
mos1,1.322,0.0,1.0
mos1,1.323,0.0,1.0
mos1,1.324,0.0,1.0
mos1,1.325,0.0,1.0
mos1,1.326,0.0,1.0
mos1,1.327,0.0,1.0
mos1,1.328,1.0,1.0
mos1,1.329,0.0,1.0
mos1,1.33,0.0,1.0
mos1,1.331,0.0,1.0
mos1,1.332,0.0,1.0
mos1,1.333,0.0,1.0
mos1,1.334,0.0,1.0
mos1,1.335,0.0,1.0
mos1,1.336,0.0,1.0
mos1,1.337,0.0,1.0
mos1,1.338,0.0,1.0
mos1,1.339,0.0,1.0
mos1,1.34,0.0,1.0
mos1,1.341,0.0,1.0
mos1,1.342,0.0,1.0
mos1,1.343,0.0,1.0
mos1,1.344,0.0,1.0
mos1,1.345,1.0,1.0
mos1,1.346,0.0,1.0
mos1,1.347,0.0,1.0
mos1,1.348,0.0,1.0
mos1,1.349,0.0,1.0
mos1,1.35,0.0,1.0
mos1,1.351,0.0,1.0
mos1,1.352,0.0,1.0
mos1,1.353,0.0,1.0
mos1,1.354,0.0,1.0
mos1,1.355,0.0,1.0
mos1,1.356,0.0,1.0
mos1,1.357,0.0,1.0
mos1,1.358,1.0,1.0
mos1,1.359,0.0,1.0
mos1,1.36,0.0,1.0
mos1,1.361,0.0,1.0
mos1,1.362,0.0,1.0
mos1,1.363,0.0,1.0
mos1,1.364,0.0,1.0
mos1,1.365,0.0,1.0
mos1,1.366,0.0,1.0
mos1,1.367,1.0,1.0
mos1,1.368,1.0,1.0
mos1,1.369,0.0,1.0
mos1,1.37,0.0,1.0
mos1,1.371,0.0,1.0
mos1,1.372,0.0,1.0
mos1,1.373,0.0,1.0
mos1,1.374,0.0,1.0
mos1,1.375,0.0,1.0
mos1,1.376,0.0,1.0
mos1,1.377,0.0,1.0
mos1,1.378,0.0,1.0
mos1,1.379,1.0,1.0
mos1,1.38,0.0,1.0
mos1,1.381,0.0,1.0
mos1,1.382,0.0,1.0
mos1,1.383,0.0,1.0
mos1,1.384,0.0,1.0
mos1,1.385,0.0,1.0
mos1,1.386,0.0,1.0
mos1,1.387,0.0,1.0
mos1,1.388,0.0,1.0
mos1,1.389,0.0,1.0
mos1,1.39,0.0,1.0
mos1,1.391,0.0,1.0
mos1,1.392,0.0,1.0
mos1,1.393,0.0,1.0
mos1,1.394,0.0,1.0
mos1,1.395,0.0,1.0
mos1,1.396,0.0,1.0
mos1,1.397,0.0,1.0
mos1,1.398,0.0,1.0
mos1,1.399,0.0,1.0
mos1,1.4,0.0,1.0
mos1,1.401,0.0,1.0
mos1,1.402,0.0,1.0
mos1,1.403,0.0,1.0
mos1,1.404,0.0,1.0
mos1,1.405,0.0,1.0
mos1,1.406,0.0,1.0
mos1,1.407,0.0,1.0
mos1,1.408,0.0,1.0
mos1,1.409,0.0,1.0
mos1,1.41,0.0,1.0
mos1,1.411,0.0,1.0
mos1,1.412,0.0,1.0
mos1,1.413,0.0,1.0
mos1,1.414,0.0,1.0
mos1,1.415,0.0,1.0
mos1,1.416,0.0,1.0
mos1,1.417,0.0,1.0
mos1,1.418,0.0,1.0
mos1,1.419,0.0,1.0
mos1,1.42,0.0,1.0
mos1,1.421,0.0,1.0
mos1,1.422,0.0,1.0
mos1,1.423,0.0,1.0
mos1,1.424,0.0,1.0
mos1,1.425,1.0,1.0
mos1,1.426,0.0,1.0
mos1,1.427,0.0,1.0
mos1,1.428,0.0,1.0
mos1,1.429,0.0,1.0
mos1,1.43,0.0,1.0
mos1,1.431,1.0,1.0
mos1,1.432,0.0,1.0
mos1,1.433,0.0,1.0
mos1,1.434,0.0,1.0
mos1,1.435,0.0,1.0
mos1,1.436,0.0,1.0
mos1,1.437,0.0,1.0
mos1,1.438,0.0,1.0
mos1,1.439,0.0,1.0
mos1,1.44,0.0,1.0
mos1,1.441,0.0,1.0
mos1,1.442,0.0,1.0
mos1,1.443,0.0,1.0
mos1,1.444,1.0,1.0
mos1,1.445,0.0,1.0
mos1,1.446,0.0,1.0
mos1,1.447,0.0,1.0
mos1,1.448,0.0,1.0
mos1,1.449,0.0,1.0
mos1,1.45,0.0,1.0
mos1,1.451,0.0,1.0
mos1,1.452,0.0,1.0
mos1,1.453,0.0,1.0
mos1,1.454,0.0,1.0
mos1,1.455,0.0,1.0
mos1,1.456,0.0,1.0
mos1,1.457,0.0,1.0
mos1,1.458,0.0,1.0
mos1,1.459,0.0,1.0
mos1,1.46,0.0,1.0
mos1,1.461,0.0,1.0
mos1,1.462,0.0,1.0
mos1,1.463,0.0,1.0
mos1,1.464,0.0,1.0
mos1,1.465,0.0,1.0
mos1,1.466,0.0,1.0
mos1,1.467,0.0,1.0
mos1,1.468,0.0,1.0
mos1,1.469,0.0,1.0
mos1,1.47,0.0,1.0
mos1,1.471,0.0,1.0
mos1,1.472,0.0,1.0
mos1,1.473,0.0,1.0
mos1,1.474,0.0,1.0
mos1,1.475,1.0,1.0
mos1,1.476,0.0,1.0
mos1,1.477,0.0,1.0
mos1,1.478,0.0,1.0
mos1,1.479,0.0,1.0
mos1,1.48,0.0,1.0
mos1,1.481,0.0,1.0
mos1,1.482,0.0,1.0
mos1,1.483,0.0,1.0
mos1,1.484,0.0,1.0
mos1,1.485,0.0,1.0
mos1,1.486,0.0,1.0
mos1,1.487,0.0,1.0
mos1,1.488,0.0,1.0
mos1,1.489,0.0,1.0
mos1,1.49,0.0,1.0
mos1,1.491,0.0,1.0
mos1,1.492,0.0,1.0
mos1,1.493,0.0,1.0
mos1,1.494,0.0,1.0
mos1,1.495,0.0,1.0
mos1,1.496,0.0,1.0
mos1,1.497,0.0,1.0
mos1,1.498,0.0,1.0
mos1,1.499,0.0,1.0
mos1,1.5,0.0,1.0
mos1,1.501,0.0,1.0
mos1,1.502,0.0,1.0
mos1,1.503,0.0,1.0
mos1,1.504,0.0,1.0
mos1,1.505,0.0,1.0
mos1,1.506,0.0,1.0
mos1,1.507,0.0,1.0
mos1,1.508,0.0,1.0
mos1,1.509,0.0,1.0
mos1,1.51,0.0,1.0
mos1,1.511,0.0,1.0
mos1,1.512,0.0,1.0
mos1,1.513,0.0,1.0
mos1,1.514,0.0,1.0
mos1,1.515,0.0,1.0
mos1,1.516,0.0,1.0
mos1,1.517,0.0,1.0
mos1,1.518,0.0,1.0
mos1,1.519,0.0,1.0
mos1,1.52,0.0,1.0
mos1,1.521,0.0,1.0
mos1,1.522,0.0,1.0
mos1,1.523,0.0,1.0
mos1,1.524,0.0,1.0
mos1,1.525,0.0,1.0
mos1,1.526,0.0,1.0
mos1,1.527,0.0,1.0
mos1,1.528,1.0,1.0
mos1,1.529,0.0,1.0
mos1,1.53,0.0,1.0
mos1,1.531,0.0,1.0
mos1,1.532,0.0,1.0
mos1,1.533,0.0,1.0
mos1,1.534,0.0,1.0
mos1,1.535,0.0,1.0
mos1,1.536,0.0,1.0
mos1,1.537,0.0,1.0
mos1,1.538,0.0,1.0
mos1,1.539,0.0,1.0
mos1,1.54,0.0,1.0
mos1,1.541,0.0,1.0
mos1,1.542,0.0,1.0
mos1,1.543,0.0,1.0
mos1,1.544,0.0,1.0
mos1,1.545,0.0,1.0
mos1,1.546,0.0,1.0
mos1,1.547,0.0,1.0
mos1,1.548,0.0,1.0
mos1,1.549,1.0,1.0
mos1,1.55,0.0,1.0
mos1,1.551,0.0,1.0
mos1,1.552,0.0,1.0
mos1,1.553,0.0,1.0
mos1,1.554,0.0,1.0
mos1,1.555,0.0,1.0
mos1,1.556,0.0,1.0
mos1,1.557,0.0,1.0
mos1,1.558,0.0,1.0
mos1,1.559,0.0,1.0
mos1,1.56,0.0,1.0
mos1,1.561,1.0,1.0
mos1,1.562,0.0,1.0
mos1,1.563,0.0,1.0
mos1,1.564,0.0,1.0
mos1,1.565,0.0,1.0
mos1,1.566,0.0,1.0
mos1,1.567,0.0,1.0
mos1,1.568,0.0,1.0
mos1,1.569,1.0,1.0
mos1,1.57,0.0,1.0
mos1,1.571,0.0,1.0
mos1,1.572,0.0,1.0
mos1,1.573,0.0,1.0
mos1,1.574,0.0,1.0
mos1,1.575,0.0,1.0
mos1,1.576,0.0,1.0
mos1,1.577,0.0,1.0
mos1,1.578,0.0,1.0
mos1,1.579,0.0,1.0
mos1,1.58,0.0,1.0
mos1,1.581,0.0,1.0
mos1,1.582,0.0,1.0
mos1,1.583,0.0,1.0
mos1,1.584,0.0,1.0
mos1,1.585,0.0,1.0
mos1,1.586,0.0,1.0
mos1,1.587,0.0,1.0
mos1,1.588,0.0,1.0
mos1,1.589,0.0,1.0
mos1,1.59,0.0,1.0
mos1,1.591,0.0,1.0
mos1,1.592,0.0,1.0
mos1,1.593,0.0,1.0
mos1,1.594,0.0,1.0
mos1,1.595,0.0,1.0
mos1,1.596,0.0,1.0
mos1,1.597,0.0,1.0
mos1,1.598,0.0,1.0
mos1,1.599,0.0,1.0
mos1,1.6,0.0,1.0
mos1,1.601,1.0,1.0
mos1,1.602,0.0,1.0
mos1,1.603,0.0,1.0
mos1,1.604,0.0,1.0
mos1,1.605,0.0,1.0
mos1,1.606,0.0,1.0
mos1,1.607,0.0,1.0
mos1,1.608,0.0,1.0
mos1,1.609,0.0,1.0
mos1,1.61,0.0,1.0
mos1,1.611,0.0,1.0
mos1,1.612,0.0,1.0
mos1,1.613,1.0,1.0
mos1,1.614,0.0,1.0
mos1,1.615,0.0,1.0
mos1,1.616,0.0,1.0
mos1,1.617,0.0,1.0
mos1,1.618,0.0,1.0
mos1,1.619,0.0,1.0
mos1,1.62,0.0,1.0
mos1,1.621,0.0,1.0
mos1,1.622,0.0,1.0
mos1,1.623,0.0,1.0
mos1,1.624,0.0,1.0
mos1,1.625,0.0,1.0
mos1,1.626,0.0,1.0
mos1,1.627,0.0,1.0
mos1,1.628,0.0,1.0
mos1,1.629,0.0,1.0
mos1,1.63,0.0,1.0
mos1,1.631,0.0,1.0
mos1,1.632,0.0,1.0
mos1,1.633,0.0,1.0
mos1,1.634,0.0,1.0
mos1,1.635,0.0,1.0
mos1,1.636,0.0,1.0
mos1,1.637,0.0,1.0
mos1,1.638,0.0,1.0
mos1,1.639,0.0,1.0
mos1,1.64,0.0,1.0
mos1,1.641,0.0,1.0
mos1,1.642,0.0,1.0
mos1,1.643,0.0,1.0
mos1,1.644,0.0,1.0
mos1,1.645,0.0,1.0
mos1,1.646,0.0,1.0
mos1,1.647,0.0,1.0
mos1,1.648,1.0,1.0
mos1,1.649,0.0,1.0
mos1,1.65,0.0,1.0
mos1,1.651,0.0,1.0
mos1,1.652,1.0,1.0
mos1,1.653,0.0,1.0
mos1,1.654,0.0,1.0
mos1,1.655,0.0,1.0
mos1,1.656,0.0,1.0
mos1,1.657,0.0,1.0
mos1,1.658,0.0,1.0
mos1,1.659,0.0,1.0
mos1,1.66,0.0,1.0
mos1,1.661,0.0,1.0
mos1,1.662,0.0,1.0
mos1,1.663,0.0,1.0
mos1,1.664,0.0,1.0
mos1,1.665,0.0,1.0
mos1,1.666,0.0,1.0
mos1,1.667,0.0,1.0
mos1,1.668,0.0,1.0
mos1,1.669,0.0,1.0
mos1,1.67,0.0,1.0
mos1,1.671,0.0,1.0
mos1,1.672,0.0,1.0
mos1,1.673,0.0,1.0
mos1,1.674,0.0,1.0
mos1,1.675,0.0,1.0
mos1,1.676,0.0,1.0
mos1,1.677,0.0,1.0
mos1,1.678,0.0,1.0
mos1,1.679,0.0,1.0
mos1,1.68,0.0,1.0
mos1,1.681,0.0,1.0
mos1,1.682,0.0,1.0
mos1,1.683,0.0,1.0
mos1,1.684,0.0,1.0
mos1,1.685,0.0,1.0
mos1,1.686,0.0,1.0
mos1,1.687,0.0,1.0
mos1,1.688,0.0,1.0
mos1,1.689,0.0,1.0
mos1,1.69,1.0,1.0
mos1,1.691,0.0,1.0
mos1,1.692,0.0,1.0
mos1,1.693,0.0,1.0
mos1,1.694,0.0,1.0
mos1,1.695,0.0,1.0
mos1,1.696,0.0,1.0
mos1,1.697,0.0,1.0
mos1,1.698,1.0,1.0
mos1,1.699,0.0,1.0
mos1,1.7,0.0,1.0
mos1,1.701,0.0,1.0
mos1,1.702,1.0,1.0
mos1,1.703,1.0,1.0
mos1,1.704,0.0,1.0
mos1,1.705,0.0,1.0
mos1,1.706,0.0,1.0
mos1,1.707,0.0,1.0
mos1,1.708,0.0,1.0
mos1,1.709,0.0,1.0
mos1,1.71,0.0,1.0
mos1,1.711,0.0,1.0
mos1,1.712,0.0,1.0
mos1,1.713,0.0,1.0
mos1,1.714,0.0,1.0
mos1,1.715,0.0,1.0
mos1,1.716,0.0,1.0
mos1,1.717,0.0,1.0
mos1,1.718,0.0,1.0
mos1,1.719,0.0,1.0
mos1,1.72,0.0,1.0
mos1,1.721,0.0,1.0
mos1,1.722,0.0,1.0
mos1,1.723,0.0,1.0
mos1,1.724,0.0,1.0
mos1,1.725,0.0,1.0
mos1,1.726,0.0,1.0
mos1,1.727,0.0,1.0
mos1,1.728,0.0,1.0
mos1,1.729,0.0,1.0
mos1,1.73,0.0,1.0
mos1,1.731,0.0,1.0
mos1,1.732,1.0,1.0
mos1,1.733,0.0,1.0
mos1,1.734,0.0,1.0
mos1,1.735,0.0,1.0
mos1,1.736,0.0,1.0
mos1,1.737,0.0,1.0
mos1,1.738,0.0,1.0
mos1,1.739,0.0,1.0
mos1,1.74,0.0,1.0
mos1,1.741,0.0,1.0
mos1,1.742,1.0,1.0
mos1,1.743,0.0,1.0
mos1,1.744,0.0,1.0
mos1,1.745,0.0,1.0
mos1,1.746,0.0,1.0
mos1,1.747,0.0,1.0
mos1,1.748,0.0,1.0
mos1,1.749,0.0,1.0
mos1,1.75,0.0,1.0
mos1,1.751,0.0,1.0
mos1,1.752,0.0,1.0
mos1,1.753,0.0,1.0
mos1,1.754,0.0,1.0
mos1,1.755,0.0,1.0
mos1,1.756,0.0,1.0
mos1,1.757,0.0,1.0
mos1,1.758,0.0,1.0
mos1,1.759,0.0,1.0
mos1,1.76,0.0,1.0
mos1,1.761,0.0,1.0
mos1,1.762,0.0,1.0
mos1,1.763,0.0,1.0
mos1,1.764,0.0,1.0
mos1,1.765,0.0,1.0
mos1,1.766,0.0,1.0
mos1,1.767,0.0,1.0
mos1,1.768,0.0,1.0
mos1,1.769,0.0,1.0
mos1,1.77,0.0,1.0
mos1,1.771,0.0,1.0
mos1,1.772,0.0,1.0
mos1,1.773,0.0,1.0
mos1,1.774,0.0,1.0
mos1,1.775,0.0,1.0
mos1,1.776,0.0,1.0
mos1,1.777,0.0,1.0
mos1,1.778,0.0,1.0
mos1,1.779,0.0,1.0
mos1,1.78,0.0,1.0
mos1,1.781,0.0,1.0
mos1,1.782,0.0,1.0
mos1,1.783,0.0,1.0
mos1,1.784,0.0,1.0
mos1,1.785,0.0,1.0
mos1,1.786,0.0,1.0
mos1,1.787,0.0,1.0
mos1,1.788,0.0,1.0
mos1,1.789,0.0,1.0
mos1,1.79,0.0,1.0
mos1,1.791,0.0,1.0
mos1,1.792,0.0,1.0
mos1,1.793,0.0,1.0
mos1,1.794,0.0,1.0
mos1,1.795,0.0,1.0
mos1,1.796,0.0,1.0
mos1,1.797,0.0,1.0
mos1,1.798,0.0,1.0
mos1,1.799,0.0,1.0
mos1,1.8,0.0,1.0
mos1,1.801,0.0,1.0
mos1,1.802,0.0,1.0
mos1,1.803,0.0,1.0
mos1,1.804,0.0,1.0
mos1,1.805,0.0,1.0
mos1,1.806,0.0,1.0
mos1,1.807,0.0,1.0
mos1,1.808,0.0,1.0
mos1,1.809,0.0,1.0
mos1,1.81,0.0,1.0
mos1,1.811,0.0,1.0
mos1,1.812,0.0,1.0
mos1,1.813,0.0,1.0
mos1,1.814,0.0,1.0
mos1,1.815,0.0,1.0
mos1,1.816,0.0,1.0
mos1,1.817,0.0,1.0
mos1,1.818,0.0,1.0
mos1,1.819,0.0,1.0
mos1,1.82,0.0,1.0
mos1,1.821,0.0,1.0
mos1,1.822,0.0,1.0
mos1,1.823,0.0,1.0
mos1,1.824,0.0,1.0
mos1,1.825,0.0,1.0
mos1,1.826,0.0,1.0
mos1,1.827,0.0,1.0
mos1,1.828,0.0,1.0
mos1,1.829,0.0,1.0
mos1,1.83,0.0,1.0
mos1,1.831,0.0,1.0
mos1,1.832,0.0,1.0
mos1,1.833,0.0,1.0
mos1,1.834,0.0,1.0
mos1,1.835,0.0,1.0
mos1,1.836,0.0,1.0
mos1,1.837,0.0,1.0
mos1,1.838,0.0,1.0
mos1,1.839,0.0,1.0
mos1,1.84,0.0,1.0
mos1,1.841,0.0,1.0
mos1,1.842,0.0,1.0
mos1,1.843,0.0,1.0
mos1,1.844,0.0,1.0
mos1,1.845,0.0,1.0
mos1,1.846,0.0,1.0
mos1,1.847,0.0,1.0
mos1,1.848,0.0,1.0
mos1,1.849,0.0,1.0
mos1,1.85,0.0,1.0
mos1,1.851,0.0,1.0
mos1,1.852,0.0,1.0
mos1,1.853,0.0,1.0
mos1,1.854,0.0,1.0
mos1,1.855,0.0,1.0
mos1,1.856,0.0,1.0
mos1,1.857,0.0,1.0
mos1,1.858,0.0,1.0
mos1,1.859,0.0,1.0
mos1,1.86,0.0,1.0
mos1,1.861,0.0,1.0
mos1,1.862,0.0,1.0
mos1,1.863,0.0,1.0
mos1,1.864,0.0,1.0
mos1,1.865,0.0,1.0
mos1,1.866,0.0,1.0
mos1,1.867,0.0,1.0
mos1,1.868,0.0,1.0
mos1,1.869,0.0,1.0
mos1,1.87,0.0,1.0
mos1,1.871,0.0,1.0
mos1,1.872,1.0,1.0
mos1,1.873,0.0,1.0
mos1,1.874,0.0,1.0
mos1,1.875,0.0,1.0
mos1,1.876,0.0,1.0
mos1,1.877,0.0,1.0
mos1,1.878,0.0,1.0
mos1,1.879,0.0,1.0
mos1,1.88,0.0,1.0
mos1,1.881,0.0,1.0
mos1,1.882,0.0,1.0
mos1,1.883,0.0,1.0
mos1,1.884,0.0,1.0
mos1,1.885,0.0,1.0
mos1,1.886,0.0,1.0
mos1,1.887,1.0,1.0
mos1,1.888,0.0,1.0
mos1,1.889,0.0,1.0
mos1,1.89,0.0,1.0
mos1,1.891,0.0,1.0
mos1,1.892,0.0,1.0
mos1,1.893,0.0,1.0
mos1,1.894,0.0,1.0
mos1,1.895,0.0,1.0
mos1,1.896,0.0,1.0
mos1,1.897,0.0,1.0
mos1,1.898,0.0,1.0
mos1,1.899,0.0,1.0
mos1,1.9,0.0,1.0
mos1,1.901,0.0,1.0
mos1,1.902,0.0,1.0
mos1,1.903,0.0,1.0
mos1,1.904,0.0,1.0
mos1,1.905,0.0,1.0
mos1,1.906,0.0,1.0
mos1,1.907,0.0,1.0
mos1,1.908,0.0,1.0
mos1,1.909,0.0,1.0
mos1,1.91,0.0,1.0
mos1,1.911,0.0,1.0
mos1,1.912,0.0,1.0
mos1,1.913,0.0,1.0
mos1,1.914,0.0,1.0
mos1,1.915,0.0,1.0
mos1,1.916,0.0,1.0
mos1,1.917,0.0,1.0
mos1,1.918,0.0,1.0
mos1,1.919,0.0,1.0
mos1,1.92,0.0,1.0
mos1,1.921,0.0,1.0
mos1,1.922,0.0,1.0
mos1,1.923,0.0,1.0
mos1,1.924,0.0,1.0
mos1,1.925,0.0,1.0
mos1,1.926,0.0,1.0
mos1,1.927,0.0,1.0
mos1,1.928,0.0,1.0
mos1,1.929,0.0,1.0
mos1,1.93,0.0,1.0
mos1,1.931,0.0,1.0
mos1,1.932,0.0,1.0
mos1,1.933,0.0,1.0
mos1,1.934,0.0,1.0
mos1,1.935,0.0,1.0
mos1,1.936,0.0,1.0
mos1,1.937,0.0,1.0
mos1,1.938,0.0,1.0
mos1,1.939,0.0,1.0
mos1,1.94,0.0,1.0
mos1,1.941,0.0,1.0
mos1,1.942,0.0,1.0
mos1,1.943,0.0,1.0
mos1,1.944,0.0,1.0
mos1,1.945,0.0,1.0
mos1,1.946,0.0,1.0
mos1,1.947,0.0,1.0
mos1,1.948,0.0,1.0
mos1,1.949,0.0,1.0
mos1,1.95,0.0,1.0
mos1,1.951,0.0,1.0
mos1,1.952,0.0,1.0
mos1,1.953,0.0,1.0
mos1,1.954,0.0,1.0
mos1,1.955,0.0,1.0
mos1,1.956,0.0,1.0
mos1,1.957,0.0,1.0
mos1,1.958,0.0,1.0
mos1,1.959,0.0,1.0
mos1,1.96,0.0,1.0
mos1,1.961,0.0,1.0
mos1,1.962,0.0,1.0
mos1,1.963,0.0,1.0
mos1,1.964,0.0,1.0
mos1,1.965,0.0,1.0
mos1,1.966,0.0,1.0
mos1,1.967,0.0,1.0
mos1,1.968,0.0,1.0
mos1,1.969,0.0,1.0
mos1,1.97,0.0,1.0
mos1,1.971,0.0,1.0
mos1,1.972,0.0,1.0
mos1,1.973,0.0,1.0
mos1,1.974,0.0,1.0
mos1,1.975,0.0,1.0
mos1,1.976,0.0,1.0
mos1,1.977,0.0,1.0
mos1,1.978,0.0,1.0
mos1,1.979,0.0,1.0
mos1,1.98,0.0,1.0
mos1,1.981,0.0,1.0
mos1,1.982,0.0,1.0
mos1,1.983,0.0,1.0
mos1,1.984,0.0,1.0
mos1,1.985,0.0,1.0
mos1,1.986,0.0,1.0
mos1,1.987,0.0,1.0
mos1,1.988,0.0,1.0
mos1,1.989,0.0,1.0
mos1,1.99,0.0,1.0
mos1,1.991,0.0,1.0
mos1,1.992,0.0,1.0
mos1,1.993,0.0,1.0
mos1,1.994,0.0,1.0
mos1,1.995,0.0,1.0
mos1,1.996,0.0,1.0
mos1,1.997,0.0,1.0
mos1,1.998,0.0,1.0
mos1,1.999,0.0,1.0
mos1,2.0,0.0,1.0
mos1,2.001,0.0,1.0
mos1,2.002,0.0,1.0
mos1,2.003,0.0,1.0
mos1,2.004,0.0,1.0
mos1,2.005,0.0,1.0
mos1,2.006,0.0,1.0
mos1,2.007,0.0,1.0
mos1,2.008,0.0,1.0
mos1,2.009,0.0,1.0
mos1,2.01,0.0,1.0
mos1,2.011,1.0,1.0
mos1,2.012,0.0,1.0
mos1,2.013,0.0,1.0
mos1,2.014,0.0,1.0
mos1,2.015,0.0,1.0
mos1,2.016,0.0,1.0
mos1,2.017,0.0,1.0
mos1,2.018,0.0,1.0
mos1,2.019,0.0,1.0
mos1,2.02,0.0,1.0
mos1,2.021,0.0,1.0
mos1,2.022,0.0,1.0
mos1,2.023,0.0,1.0
mos1,2.024,0.0,1.0
mos1,2.025,0.0,1.0
mos1,2.026,0.0,1.0
mos1,2.027,0.0,1.0
mos1,2.028,0.0,1.0
mos1,2.029,0.0,1.0
mos1,2.03,0.0,1.0
mos1,2.031,0.0,1.0
mos1,2.032,0.0,1.0
mos1,2.033,0.0,1.0
mos1,2.034,0.0,1.0
mos1,2.035,0.0,1.0
mos1,2.036,0.0,1.0
mos1,2.037,0.0,1.0
mos1,2.038,0.0,1.0
mos1,2.039,0.0,1.0
mos1,2.04,0.0,1.0
mos1,2.041,0.0,1.0
mos1,2.042,0.0,1.0
mos1,2.043,0.0,1.0
mos1,2.044,0.0,1.0
mos1,2.045,0.0,1.0
mos1,2.046,0.0,1.0
mos1,2.047,0.0,1.0
mos1,2.048,0.0,1.0
mos1,2.049,0.0,1.0
mos1,2.05,0.0,1.0
mos1,2.051,0.0,1.0
mos1,2.052,0.0,1.0
mos1,2.053,0.0,1.0
mos1,2.054,0.0,1.0
mos1,2.055,0.0,1.0
mos1,2.056,0.0,1.0
mos1,2.057,0.0,1.0
mos1,2.058,0.0,1.0
mos1,2.059,0.0,1.0
mos1,2.06,0.0,1.0
mos1,2.061,0.0,1.0
mos1,2.062,0.0,1.0
mos1,2.063,0.0,1.0
mos1,2.064,0.0,1.0
mos1,2.065,0.0,1.0
mos1,2.066,0.0,1.0
mos1,2.067,0.0,1.0
mos1,2.068,0.0,1.0
mos1,2.069,0.0,1.0
mos1,2.07,0.0,1.0
mos1,2.071,0.0,1.0
mos1,2.072,0.0,1.0
mos1,2.073,0.0,1.0
mos1,2.074,0.0,1.0
mos1,2.075,0.0,1.0
mos1,2.076,0.0,1.0
mos1,2.077,0.0,1.0
mos1,2.078,0.0,1.0
mos1,2.079,0.0,1.0
mos1,2.08,0.0,1.0
mos1,2.081,0.0,1.0
mos1,2.082,0.0,1.0
mos1,2.083,0.0,1.0
mos1,2.084,0.0,1.0
mos1,2.085,0.0,1.0
mos1,2.086,0.0,1.0
mos1,2.087,0.0,1.0
mos1,2.088,0.0,1.0
mos1,2.089,0.0,1.0
mos1,2.09,0.0,1.0
mos1,2.091,0.0,1.0
mos1,2.092,0.0,1.0
mos1,2.093,0.0,1.0
mos1,2.094,1.0,1.0
mos1,2.095,0.0,1.0
mos1,2.096,0.0,1.0
mos1,2.097,0.0,1.0
mos1,2.098,1.0,1.0
mos1,2.099,0.0,1.0
mos1,2.1,0.0,1.0
mos1,2.101,0.0,1.0
mos1,2.102,0.0,1.0
mos1,2.103,1.0,1.0
mos1,2.104,0.0,1.0
mos1,2.105,0.0,1.0
mos1,2.106,0.0,1.0
mos1,2.107,0.0,1.0
mos1,2.108,0.0,1.0
mos1,2.109,0.0,1.0
mos1,2.11,0.0,1.0
mos1,2.111,0.0,1.0
mos1,2.112,0.0,1.0
mos1,2.113,1.0,1.0
mos1,2.114,0.0,1.0
mos1,2.115,0.0,1.0
mos1,2.116,0.0,1.0
mos1,2.117,0.0,1.0
mos1,2.118,0.0,1.0
mos1,2.119,0.0,1.0
mos1,2.12,0.0,1.0
mos1,2.121,0.0,1.0
mos1,2.122,0.0,1.0
mos1,2.123,0.0,1.0
mos1,2.124,0.0,1.0
mos1,2.125,0.0,1.0
mos1,2.126,0.0,1.0
mos1,2.127,0.0,1.0
mos1,2.128,0.0,1.0
mos1,2.129,0.0,1.0
mos1,2.13,0.0,1.0
mos1,2.131,0.0,1.0
mos1,2.132,0.0,1.0
mos1,2.133,0.0,1.0
mos1,2.134,0.0,1.0
mos1,2.135,1.0,1.0
mos1,2.136,0.0,1.0
mos1,2.137,0.0,1.0
mos1,2.138,0.0,1.0
mos1,2.139,0.0,1.0
mos1,2.14,0.0,1.0
mos1,2.141,0.0,1.0
mos1,2.142,0.0,1.0
mos1,2.143,0.0,1.0
mos1,2.144,1.0,1.0
mos1,2.145,0.0,1.0
mos1,2.146,0.0,1.0
mos1,2.147,0.0,1.0
mos1,2.148,0.0,1.0
mos1,2.149,0.0,1.0
mos1,2.15,0.0,1.0
mos1,2.151,0.0,1.0
mos1,2.152,0.0,1.0
mos1,2.153,0.0,1.0
mos1,2.154,0.0,1.0
mos1,2.155,0.0,1.0
mos1,2.156,0.0,1.0
mos1,2.157,0.0,1.0
mos1,2.158,0.0,1.0
mos1,2.159,0.0,1.0
mos1,2.16,0.0,1.0
mos1,2.161,0.0,1.0
mos1,2.162,0.0,1.0
mos1,2.163,0.0,1.0
mos1,2.164,0.0,1.0
mos1,2.165,0.0,1.0
mos1,2.166,0.0,1.0
mos1,2.167,0.0,1.0
mos1,2.168,0.0,1.0
mos1,2.169,0.0,1.0
mos1,2.17,0.0,1.0
mos1,2.171,0.0,1.0
mos1,2.172,0.0,1.0
mos1,2.173,0.0,1.0
mos1,2.174,0.0,1.0
mos1,2.175,0.0,1.0
mos1,2.176,0.0,1.0
mos1,2.177,0.0,1.0
mos1,2.178,0.0,1.0
mos1,2.179,0.0,1.0
mos1,2.18,0.0,1.0
mos1,2.181,0.0,1.0
mos1,2.182,0.0,1.0
mos1,2.183,0.0,1.0
mos1,2.184,0.0,1.0
mos1,2.185,0.0,1.0
mos1,2.186,0.0,1.0
mos1,2.187,0.0,1.0
mos1,2.188,0.0,1.0
mos1,2.189,0.0,1.0
mos1,2.19,0.0,1.0
mos1,2.191,0.0,1.0
mos1,2.192,0.0,1.0
mos1,2.193,0.0,1.0
mos1,2.194,0.0,1.0
mos1,2.195,0.0,1.0
mos1,2.196,0.0,1.0
mos1,2.197,0.0,1.0
mos1,2.198,0.0,1.0
mos1,2.199,0.0,1.0
mos1,2.2,0.0,1.0
mos1,2.201,0.0,1.0
mos1,2.202,0.0,1.0
mos1,2.203,0.0,1.0
mos1,2.204,0.0,1.0
mos1,2.205,0.0,1.0
mos1,2.206,0.0,1.0
mos1,2.207,0.0,1.0
mos1,2.208,1.0,1.0
mos1,2.209,0.0,1.0
mos1,2.21,0.0,1.0
mos1,2.211,0.0,1.0
mos1,2.212,0.0,1.0
mos1,2.213,0.0,1.0
mos1,2.214,0.0,1.0
mos1,2.215,0.0,1.0
mos1,2.216,0.0,1.0
mos1,2.217,0.0,1.0
mos1,2.218,0.0,1.0
mos1,2.219,0.0,1.0
mos1,2.22,0.0,1.0
mos1,2.221,0.0,1.0
mos1,2.222,0.0,1.0
mos1,2.223,0.0,1.0
mos1,2.224,0.0,1.0
mos1,2.225,0.0,1.0
mos1,2.226,0.0,1.0
mos1,2.227,0.0,1.0
mos1,2.228,0.0,1.0
mos1,2.229,0.0,1.0
mos1,2.23,0.0,1.0
mos1,2.231,0.0,1.0
mos1,2.232,0.0,1.0
mos1,2.233,0.0,1.0
mos1,2.234,0.0,1.0
mos1,2.235,0.0,1.0
mos1,2.236,0.0,1.0
mos1,2.237,0.0,1.0
mos1,2.238,0.0,1.0
mos1,2.239,0.0,1.0
mos1,2.24,0.0,1.0
mos1,2.241,0.0,1.0
mos1,2.242,0.0,1.0
mos1,2.243,0.0,1.0
mos1,2.244,0.0,1.0
mos1,2.245,0.0,1.0
mos1,2.246,0.0,1.0
mos1,2.247,0.0,1.0
mos1,2.248,0.0,1.0
mos1,2.249,1.0,1.0
mos1,2.25,0.0,1.0
mos1,2.251,0.0,1.0
mos1,2.252,0.0,1.0
mos1,2.253,1.0,1.0
mos1,2.254,0.0,1.0
mos1,2.255,0.0,1.0
mos1,2.256,0.0,1.0
mos1,2.257,0.0,1.0
mos1,2.258,0.0,1.0
mos1,2.259,0.0,1.0
mos1,2.26,0.0,1.0
mos1,2.261,0.0,1.0
mos1,2.262,0.0,1.0
mos1,2.263,0.0,1.0
mos1,2.264,0.0,1.0
mos1,2.265,0.0,1.0
mos1,2.266,0.0,1.0
mos1,2.267,0.0,1.0
mos1,2.268,0.0,1.0
mos1,2.269,0.0,1.0
mos1,2.27,0.0,1.0
mos1,2.271,0.0,1.0
mos1,2.272,0.0,1.0
mos1,2.273,0.0,1.0
mos1,2.274,0.0,1.0
mos1,2.275,0.0,1.0
mos1,2.276,0.0,1.0
mos1,2.277,0.0,1.0
mos1,2.278,0.0,1.0
mos1,2.279,0.0,1.0
mos1,2.28,0.0,1.0
mos1,2.281,0.0,1.0
mos1,2.282,0.0,1.0
mos1,2.283,0.0,1.0
mos1,2.284,0.0,1.0
mos1,2.285,0.0,1.0
mos1,2.286,0.0,1.0
mos1,2.287,0.0,1.0
mos1,2.288,0.0,1.0
mos1,2.289,0.0,1.0
mos1,2.29,0.0,1.0
mos1,2.291,0.0,1.0
mos1,2.292,0.0,1.0
mos1,2.293,0.0,1.0
mos1,2.294,0.0,1.0
mos1,2.295,1.0,1.0
mos1,2.296,0.0,1.0
mos1,2.297,0.0,1.0
mos1,2.298,0.0,1.0
mos1,2.299,0.0,1.0
mos1,2.3,0.0,1.0
mos1,2.301,0.0,1.0
mos1,2.302,0.0,1.0
mos1,2.303,0.0,1.0
mos1,2.304,0.0,1.0
mos1,2.305,0.0,1.0
mos1,2.306,0.0,1.0
mos1,2.307,0.0,1.0
mos1,2.308,0.0,1.0
mos1,2.309,0.0,1.0
mos1,2.31,0.0,1.0
mos1,2.311,0.0,1.0
mos1,2.312,0.0,1.0
mos1,2.313,0.0,1.0
mos1,2.314,0.0,1.0
mos1,2.315,0.0,1.0
mos1,2.316,0.0,1.0
mos1,2.317,0.0,1.0
mos1,2.318,0.0,1.0
mos1,2.319,0.0,1.0
mos1,2.32,0.0,1.0
mos1,2.321,0.0,1.0
mos1,2.322,0.0,1.0
mos1,2.323,0.0,1.0
mos1,2.324,0.0,1.0
mos1,2.325,0.0,1.0
mos1,2.326,0.0,1.0
mos1,2.327,0.0,1.0
mos1,2.328,0.0,1.0
mos1,2.329,0.0,1.0
mos1,2.33,0.0,1.0
mos1,2.331,0.0,1.0
mos1,2.332,0.0,1.0
mos1,2.333,0.0,1.0
mos1,2.334,0.0,1.0
mos1,2.335,0.0,1.0
mos1,2.336,0.0,1.0
mos1,2.337,0.0,1.0
mos1,2.338,0.0,1.0
mos1,2.339,0.0,1.0
mos1,2.34,0.0,1.0
mos1,2.341,0.0,1.0
mos1,2.342,0.0,1.0
mos1,2.343,0.0,1.0
mos1,2.344,0.0,1.0
mos1,2.345,0.0,1.0
mos1,2.346,0.0,1.0
mos1,2.347,0.0,1.0
mos1,2.348,0.0,1.0
mos1,2.349,0.0,1.0
mos1,2.35,0.0,1.0
mos1,2.351,0.0,1.0
mos1,2.352,0.0,1.0
mos1,2.353,1.0,1.0
mos1,2.354,0.0,1.0
mos1,2.355,0.0,1.0
mos1,2.356,0.0,1.0
mos1,2.357,0.0,1.0
mos1,2.358,0.0,1.0
mos1,2.359,0.0,1.0
mos1,2.36,0.0,1.0
mos1,2.361,0.0,1.0
mos1,2.362,0.0,1.0
mos1,2.363,0.0,1.0
mos1,2.364,0.0,1.0
mos1,2.365,0.0,1.0
mos1,2.366,0.0,1.0
mos1,2.367,0.0,1.0
mos1,2.368,0.0,1.0
mos1,2.369,0.0,1.0
mos1,2.37,0.0,1.0
mos1,2.371,0.0,1.0
mos1,2.372,0.0,1.0
mos1,2.373,0.0,1.0
mos1,2.374,0.0,1.0
mos1,2.375,0.0,1.0
mos1,2.376,0.0,1.0
mos1,2.377,0.0,1.0
mos1,2.378,0.0,1.0
mos1,2.379,0.0,1.0
mos1,2.38,0.0,1.0
mos1,2.381,0.0,1.0
mos1,2.382,0.0,1.0
mos1,2.383,0.0,1.0
mos1,2.384,0.0,1.0
mos1,2.385,0.0,1.0
mos1,2.386,0.0,1.0
mos1,2.387,0.0,1.0
mos1,2.388,0.0,1.0
mos1,2.389,0.0,1.0
mos1,2.39,0.0,1.0
mos1,2.391,0.0,1.0
mos1,2.392,0.0,1.0
mos1,2.393,0.0,1.0
mos1,2.394,0.0,1.0
mos1,2.395,0.0,1.0
mos1,2.396,0.0,1.0
mos1,2.397,0.0,1.0
mos1,2.398,0.0,1.0
mos1,2.399,0.0,1.0
mos2,0.0,0.0,1.0
mos2,0.001,0.0,1.0
mos2,0.002,0.0,1.0
mos2,0.003,0.0,1.0
mos2,0.004,0.0,1.0
mos2,0.005,0.0,1.0
mos2,0.006,0.0,1.0
mos2,0.007,0.0,1.0
mos2,0.008,0.0,1.0
mos2,0.009,0.0,1.0
mos2,0.01,0.0,1.0
mos2,0.011,0.0,1.0
mos2,0.012,0.0,1.0
mos2,0.013,0.0,1.0
mos2,0.014,0.0,1.0
mos2,0.015,0.0,1.0
mos2,0.016,0.0,1.0
mos2,0.017,0.0,1.0
mos2,0.018,1.0,1.0
mos2,0.019,2.0,1.4142135623730951
mos2,0.02,1.0,1.0
mos2,0.021,0.0,1.0
mos2,0.022,0.0,1.0
mos2,0.023,1.0,1.0
mos2,0.024,0.0,1.0
mos2,0.025,0.0,1.0
mos2,0.026,0.0,1.0
mos2,0.027,1.0,1.0
mos2,0.028,1.0,1.0
mos2,0.029,2.0,1.4142135623730951
mos2,0.03,1.0,1.0
mos2,0.031,1.0,1.0
mos2,0.032,0.0,1.0
mos2,0.033,3.0,1.7320508075688772
mos2,0.034,1.0,1.0
mos2,0.035,3.0,1.7320508075688772
mos2,0.036,1.0,1.0
mos2,0.037,3.0,1.7320508075688772
mos2,0.038,3.0,1.7320508075688772
mos2,0.039,0.0,1.0
mos2,0.04,1.0,1.0
mos2,0.041,0.0,1.0
mos2,0.042,1.0,1.0
mos2,0.043,2.0,1.4142135623730951
mos2,0.044,0.0,1.0
mos2,0.045,0.0,1.0
mos2,0.046,1.0,1.0
mos2,0.047,0.0,1.0
mos2,0.048,0.0,1.0
mos2,0.049,1.0,1.0
mos2,0.05,1.0,1.0
mos2,0.051,1.0,1.0
mos2,0.052,1.0,1.0
mos2,0.053,2.0,1.4142135623730951
mos2,0.054,2.0,1.4142135623730951
mos2,0.055,2.0,1.4142135623730951
mos2,0.056,1.0,1.0
mos2,0.057,2.0,1.4142135623730951
mos2,0.058,3.0,1.7320508075688772
mos2,0.059,1.0,1.0
mos2,0.06,1.0,1.0
mos2,0.061,1.0,1.0
mos2,0.062,2.0,1.4142135623730951
mos2,0.063,2.0,1.4142135623730951
mos2,0.064,1.0,1.0
mos2,0.065,0.0,1.0
mos2,0.066,0.0,1.0
mos2,0.067,3.0,1.7320508075688772
mos2,0.068,1.0,1.0
mos2,0.069,0.0,1.0
mos2,0.07,0.0,1.0
mos2,0.071,1.0,1.0
mos2,0.072,1.0,1.0
mos2,0.073,1.0,1.0
mos2,0.074,1.0,1.0
mos2,0.075,1.0,1.0
mos2,0.076,1.0,1.0
mos2,0.077,3.0,1.7320508075688772
mos2,0.078,3.0,1.7320508075688772
mos2,0.079,1.0,1.0
mos2,0.08,2.0,1.4142135623730951
mos2,0.081,1.0,1.0
mos2,0.082,4.0,2.0
mos2,0.083,0.0,1.0
mos2,0.084,1.0,1.0
mos2,0.085,0.0,1.0
mos2,0.086,1.0,1.0
mos2,0.087,0.0,1.0
mos2,0.088,1.0,1.0
mos2,0.089,1.0,1.0
mos2,0.09,2.0,1.4142135623730951
mos2,0.091,3.0,1.7320508075688772
mos2,0.092,1.0,1.0
mos2,0.093,2.0,1.4142135623730951
mos2,0.094,2.0,1.4142135623730951
mos2,0.095,1.0,1.0
mos2,0.096,1.0,1.0
mos2,0.097,1.0,1.0
mos2,0.098,2.0,1.4142135623730951
mos2,0.099,2.0,1.4142135623730951
mos2,0.1,2.0,1.4142135623730951
mos2,0.101,1.0,1.0
mos2,0.102,0.0,1.0
mos2,0.103,2.0,1.4142135623730951
mos2,0.104,1.0,1.0
mos2,0.105,0.0,1.0
mos2,0.106,2.0,1.4142135623730951
mos2,0.107,0.0,1.0
mos2,0.108,2.0,1.4142135623730951
mos2,0.109,1.0,1.0
mos2,0.11,2.0,1.4142135623730951
mos2,0.111,0.0,1.0
mos2,0.112,1.0,1.0
mos2,0.113,3.0,1.7320508075688772
mos2,0.114,1.0,1.0
mos2,0.115,1.0,1.0
mos2,0.116,2.0,1.4142135623730951
mos2,0.117,1.0,1.0
mos2,0.118,1.0,1.0
mos2,0.119,4.0,2.0
mos2,0.12,0.0,1.0
mos2,0.121,0.0,1.0
mos2,0.122,1.0,1.0
mos2,0.123,1.0,1.0
mos2,0.124,1.0,1.0
mos2,0.125,2.0,1.4142135623730951
mos2,0.126,0.0,1.0
mos2,0.127,0.0,1.0
mos2,0.128,0.0,1.0
mos2,0.129,0.0,1.0
mos2,0.13,4.0,2.0
mos2,0.131,0.0,1.0
mos2,0.132,2.0,1.4142135623730951
mos2,0.133,1.0,1.0
mos2,0.134,3.0,1.7320508075688772
mos2,0.135,0.0,1.0
mos2,0.136,0.0,1.0
mos2,0.137,1.0,1.0
mos2,0.138,0.0,1.0
mos2,0.139,1.0,1.0
mos2,0.14,0.0,1.0
mos2,0.141,1.0,1.0
mos2,0.142,2.0,1.4142135623730951
mos2,0.143,0.0,1.0
mos2,0.144,0.0,1.0
mos2,0.145,1.0,1.0
mos2,0.146,0.0,1.0
mos2,0.147,1.0,1.0
mos2,0.148,1.0,1.0
mos2,0.149,0.0,1.0
mos2,0.15,1.0,1.0
mos2,0.151,0.0,1.0
mos2,0.152,0.0,1.0
mos2,0.153,0.0,1.0
mos2,0.154,0.0,1.0
mos2,0.155,1.0,1.0
mos2,0.156,1.0,1.0
mos2,0.157,0.0,1.0
mos2,0.158,5.0,2.23606797749979
mos2,0.159,1.0,1.0
mos2,0.16,0.0,1.0
mos2,0.161,0.0,1.0
mos2,0.162,0.0,1.0
mos2,0.163,2.0,1.4142135623730951
mos2,0.164,0.0,1.0
mos2,0.165,3.0,1.7320508075688772
mos2,0.166,0.0,1.0
mos2,0.167,1.0,1.0
mos2,0.168,2.0,1.4142135623730951
mos2,0.169,1.0,1.0
mos2,0.17,1.0,1.0
mos2,0.171,3.0,1.7320508075688772
mos2,0.172,2.0,1.4142135623730951
mos2,0.173,4.0,2.0
mos2,0.174,4.0,2.0
mos2,0.175,1.0,1.0
mos2,0.176,2.0,1.4142135623730951
mos2,0.177,0.0,1.0
mos2,0.178,1.0,1.0
mos2,0.179,6.0,2.449489742783178
mos2,0.18,1.0,1.0
mos2,0.181,1.0,1.0
mos2,0.182,0.0,1.0
mos2,0.183,2.0,1.4142135623730951
mos2,0.184,1.0,1.0
mos2,0.185,0.0,1.0
mos2,0.186,0.0,1.0
mos2,0.187,1.0,1.0
mos2,0.188,3.0,1.7320508075688772
mos2,0.189,0.0,1.0
mos2,0.19,1.0,1.0
mos2,0.191,2.0,1.4142135623730951
mos2,0.192,0.0,1.0
mos2,0.193,0.0,1.0
mos2,0.194,1.0,1.0
mos2,0.195,1.0,1.0
mos2,0.196,2.0,1.4142135623730951
mos2,0.197,2.0,1.4142135623730951
mos2,0.198,2.0,1.4142135623730951
mos2,0.199,1.0,1.0
mos2,0.2,1.0,1.0
mos2,0.201,1.0,1.0
mos2,0.202,2.0,1.4142135623730951
mos2,0.203,2.0,1.4142135623730951
mos2,0.204,2.0,1.4142135623730951
mos2,0.205,1.0,1.0
mos2,0.206,0.0,1.0
mos2,0.207,0.0,1.0
mos2,0.208,2.0,1.4142135623730951
mos2,0.209,0.0,1.0
mos2,0.21,1.0,1.0
mos2,0.211,0.0,1.0
mos2,0.212,2.0,1.4142135623730951
mos2,0.213,1.0,1.0
mos2,0.214,2.0,1.4142135623730951
mos2,0.215,0.0,1.0
mos2,0.216,3.0,1.7320508075688772
mos2,0.217,0.0,1.0
mos2,0.218,2.0,1.4142135623730951
mos2,0.219,1.0,1.0
mos2,0.22,0.0,1.0
mos2,0.221,0.0,1.0
mos2,0.222,1.0,1.0
mos2,0.223,0.0,1.0
mos2,0.224,0.0,1.0
mos2,0.225,0.0,1.0
mos2,0.226,0.0,1.0
mos2,0.227,3.0,1.7320508075688772
mos2,0.228,2.0,1.4142135623730951
mos2,0.229,0.0,1.0
mos2,0.23,4.0,2.0
mos2,0.231,0.0,1.0
mos2,0.232,0.0,1.0
mos2,0.233,0.0,1.0
mos2,0.234,1.0,1.0
mos2,0.235,2.0,1.4142135623730951
mos2,0.236,0.0,1.0
mos2,0.237,1.0,1.0
mos2,0.238,0.0,1.0
mos2,0.239,1.0,1.0
mos2,0.24,1.0,1.0
mos2,0.241,1.0,1.0
mos2,0.242,0.0,1.0
mos2,0.243,3.0,1.7320508075688772
mos2,0.244,1.0,1.0
mos2,0.245,1.0,1.0
mos2,0.246,0.0,1.0
mos2,0.247,0.0,1.0
mos2,0.248,2.0,1.4142135623730951
mos2,0.249,0.0,1.0
mos2,0.25,1.0,1.0
mos2,0.251,0.0,1.0
mos2,0.252,2.0,1.4142135623730951
mos2,0.253,0.0,1.0
mos2,0.254,1.0,1.0
mos2,0.255,1.0,1.0
mos2,0.256,1.0,1.0
mos2,0.257,0.0,1.0
mos2,0.258,0.0,1.0
mos2,0.259,0.0,1.0
mos2,0.26,0.0,1.0
mos2,0.261,0.0,1.0
mos2,0.262,1.0,1.0
mos2,0.263,0.0,1.0
mos2,0.264,1.0,1.0
mos2,0.265,2.0,1.4142135623730951
mos2,0.266,3.0,1.7320508075688772
mos2,0.267,1.0,1.0
mos2,0.268,2.0,1.4142135623730951
mos2,0.269,0.0,1.0
mos2,0.27,0.0,1.0
mos2,0.271,0.0,1.0
mos2,0.272,1.0,1.0
mos2,0.273,1.0,1.0
mos2,0.274,1.0,1.0
mos2,0.275,5.0,2.23606797749979
mos2,0.276,0.0,1.0
mos2,0.277,1.0,1.0
mos2,0.278,2.0,1.4142135623730951
mos2,0.279,1.0,1.0
mos2,0.28,0.0,1.0
mos2,0.281,2.0,1.4142135623730951
mos2,0.282,1.0,1.0
mos2,0.283,0.0,1.0
mos2,0.284,1.0,1.0
mos2,0.285,1.0,1.0
mos2,0.286,3.0,1.7320508075688772
mos2,0.287,2.0,1.4142135623730951
mos2,0.288,0.0,1.0
mos2,0.289,1.0,1.0
mos2,0.29,3.0,1.7320508075688772
mos2,0.291,2.0,1.4142135623730951
mos2,0.292,1.0,1.0
mos2,0.293,1.0,1.0
mos2,0.294,0.0,1.0
mos2,0.295,3.0,1.7320508075688772
mos2,0.296,1.0,1.0
mos2,0.297,0.0,1.0
mos2,0.298,1.0,1.0
mos2,0.299,0.0,1.0
mos2,0.3,0.0,1.0
mos2,0.301,3.0,1.7320508075688772
mos2,0.302,1.0,1.0
mos2,0.303,2.0,1.4142135623730951
mos2,0.304,4.0,2.0
mos2,0.305,2.0,1.4142135623730951
mos2,0.306,0.0,1.0
mos2,0.307,2.0,1.4142135623730951
mos2,0.308,0.0,1.0
mos2,0.309,0.0,1.0
mos2,0.31,0.0,1.0
mos2,0.311,1.0,1.0
mos2,0.312,2.0,1.4142135623730951
mos2,0.313,0.0,1.0
mos2,0.314,2.0,1.4142135623730951
mos2,0.315,1.0,1.0
mos2,0.316,1.0,1.0
mos2,0.317,0.0,1.0
mos2,0.318,0.0,1.0
mos2,0.319,0.0,1.0
mos2,0.32,0.0,1.0
mos2,0.321,0.0,1.0
mos2,0.322,2.0,1.4142135623730951
mos2,0.323,0.0,1.0
mos2,0.324,0.0,1.0
mos2,0.325,2.0,1.4142135623730951
mos2,0.326,0.0,1.0
mos2,0.327,2.0,1.4142135623730951
mos2,0.328,1.0,1.0
mos2,0.329,1.0,1.0
mos2,0.33,0.0,1.0
mos2,0.331,2.0,1.4142135623730951
mos2,0.332,0.0,1.0
mos2,0.333,0.0,1.0
mos2,0.334,1.0,1.0
mos2,0.335,0.0,1.0
mos2,0.336,1.0,1.0
mos2,0.337,1.0,1.0
mos2,0.338,1.0,1.0
mos2,0.339,0.0,1.0
mos2,0.34,0.0,1.0
mos2,0.341,0.0,1.0
mos2,0.342,1.0,1.0
mos2,0.343,3.0,1.7320508075688772
mos2,0.344,2.0,1.4142135623730951
mos2,0.345,0.0,1.0
mos2,0.346,3.0,1.7320508075688772
mos2,0.347,0.0,1.0
mos2,0.348,0.0,1.0
mos2,0.349,0.0,1.0
mos2,0.35,0.0,1.0
mos2,0.351,0.0,1.0
mos2,0.352,0.0,1.0
mos2,0.353,1.0,1.0
mos2,0.354,0.0,1.0
mos2,0.355,1.0,1.0
mos2,0.356,0.0,1.0
mos2,0.357,1.0,1.0
mos2,0.358,1.0,1.0
mos2,0.359,1.0,1.0
mos2,0.36,0.0,1.0
mos2,0.361,0.0,1.0
mos2,0.362,1.0,1.0
mos2,0.363,0.0,1.0
mos2,0.364,0.0,1.0
mos2,0.365,0.0,1.0
mos2,0.366,2.0,1.4142135623730951
mos2,0.367,1.0,1.0
mos2,0.368,1.0,1.0
mos2,0.369,1.0,1.0
mos2,0.37,0.0,1.0
mos2,0.371,0.0,1.0
mos2,0.372,1.0,1.0
mos2,0.373,0.0,1.0
mos2,0.374,0.0,1.0
mos2,0.375,0.0,1.0
mos2,0.376,0.0,1.0
mos2,0.377,0.0,1.0
mos2,0.378,0.0,1.0
mos2,0.379,0.0,1.0
mos2,0.38,0.0,1.0
mos2,0.381,0.0,1.0
mos2,0.382,0.0,1.0
mos2,0.383,0.0,1.0
mos2,0.384,0.0,1.0
mos2,0.385,1.0,1.0
mos2,0.386,0.0,1.0
mos2,0.387,0.0,1.0
mos2,0.388,0.0,1.0
mos2,0.389,0.0,1.0
mos2,0.39,1.0,1.0
mos2,0.391,0.0,1.0
mos2,0.392,0.0,1.0
mos2,0.393,1.0,1.0
mos2,0.394,0.0,1.0
mos2,0.395,0.0,1.0
mos2,0.396,1.0,1.0
mos2,0.397,0.0,1.0
mos2,0.398,0.0,1.0
mos2,0.399,0.0,1.0
mos2,0.4,1.0,1.0
mos2,0.401,0.0,1.0
mos2,0.402,0.0,1.0
mos2,0.403,0.0,1.0
mos2,0.404,0.0,1.0
mos2,0.405,0.0,1.0
mos2,0.406,0.0,1.0
mos2,0.407,0.0,1.0
mos2,0.408,1.0,1.0
mos2,0.409,0.0,1.0
mos2,0.41,0.0,1.0
mos2,0.411,0.0,1.0
mos2,0.412,0.0,1.0
mos2,0.413,0.0,1.0
mos2,0.414,1.0,1.0
mos2,0.415,0.0,1.0
mos2,0.416,1.0,1.0
mos2,0.417,2.0,1.4142135623730951
mos2,0.418,2.0,1.4142135623730951
mos2,0.419,1.0,1.0
mos2,0.42,0.0,1.0
mos2,0.421,0.0,1.0
mos2,0.422,0.0,1.0
mos2,0.423,1.0,1.0
mos2,0.424,0.0,1.0
mos2,0.425,2.0,1.4142135623730951
mos2,0.426,2.0,1.4142135623730951
mos2,0.427,2.0,1.4142135623730951
mos2,0.428,0.0,1.0
mos2,0.429,0.0,1.0
mos2,0.43,1.0,1.0
mos2,0.431,0.0,1.0
mos2,0.432,0.0,1.0
mos2,0.433,1.0,1.0
mos2,0.434,0.0,1.0
mos2,0.435,1.0,1.0
mos2,0.436,0.0,1.0
mos2,0.437,1.0,1.0
mos2,0.438,0.0,1.0
mos2,0.439,0.0,1.0
mos2,0.44,2.0,1.4142135623730951
mos2,0.441,0.0,1.0
mos2,0.442,1.0,1.0
mos2,0.443,1.0,1.0
mos2,0.444,0.0,1.0
mos2,0.445,1.0,1.0
mos2,0.446,0.0,1.0
mos2,0.447,2.0,1.4142135623730951
mos2,0.448,2.0,1.4142135623730951
mos2,0.449,0.0,1.0
mos2,0.45,1.0,1.0
mos2,0.451,0.0,1.0
mos2,0.452,0.0,1.0
mos2,0.453,3.0,1.7320508075688772
mos2,0.454,1.0,1.0
mos2,0.455,0.0,1.0
mos2,0.456,0.0,1.0
mos2,0.457,0.0,1.0
mos2,0.458,0.0,1.0
mos2,0.459,0.0,1.0
mos2,0.46,0.0,1.0
mos2,0.461,0.0,1.0
mos2,0.462,0.0,1.0
mos2,0.463,1.0,1.0
mos2,0.464,0.0,1.0
mos2,0.465,0.0,1.0
mos2,0.466,1.0,1.0
mos2,0.467,0.0,1.0
mos2,0.468,0.0,1.0
mos2,0.469,0.0,1.0
mos2,0.47,0.0,1.0
mos2,0.471,0.0,1.0
mos2,0.472,0.0,1.0
mos2,0.473,0.0,1.0
mos2,0.474,0.0,1.0
mos2,0.475,0.0,1.0
mos2,0.476,0.0,1.0
mos2,0.477,0.0,1.0
mos2,0.478,0.0,1.0
mos2,0.479,2.0,1.4142135623730951
mos2,0.48,0.0,1.0
mos2,0.481,0.0,1.0
mos2,0.482,1.0,1.0
mos2,0.483,0.0,1.0
mos2,0.484,1.0,1.0
mos2,0.485,0.0,1.0
mos2,0.486,0.0,1.0
mos2,0.487,0.0,1.0
mos2,0.488,0.0,1.0
mos2,0.489,0.0,1.0
mos2,0.49,0.0,1.0
mos2,0.491,0.0,1.0
mos2,0.492,0.0,1.0
mos2,0.493,0.0,1.0
mos2,0.494,0.0,1.0
mos2,0.495,0.0,1.0
mos2,0.496,0.0,1.0
mos2,0.497,0.0,1.0
mos2,0.498,2.0,1.4142135623730951
mos2,0.499,0.0,1.0
mos2,0.5,0.0,1.0
mos2,0.501,0.0,1.0
mos2,0.502,1.0,1.0
mos2,0.503,0.0,1.0
mos2,0.504,0.0,1.0
mos2,0.505,1.0,1.0
mos2,0.506,0.0,1.0
mos2,0.507,0.0,1.0
mos2,0.508,1.0,1.0
mos2,0.509,0.0,1.0
mos2,0.51,1.0,1.0
mos2,0.511,0.0,1.0
mos2,0.512,0.0,1.0
mos2,0.513,0.0,1.0
mos2,0.514,0.0,1.0
mos2,0.515,0.0,1.0
mos2,0.516,0.0,1.0
mos2,0.517,2.0,1.4142135623730951
mos2,0.518,0.0,1.0
mos2,0.519,0.0,1.0
mos2,0.52,0.0,1.0
mos2,0.521,0.0,1.0
mos2,0.522,0.0,1.0
mos2,0.523,0.0,1.0
mos2,0.524,1.0,1.0
mos2,0.525,0.0,1.0
mos2,0.526,0.0,1.0
mos2,0.527,0.0,1.0
mos2,0.528,0.0,1.0
mos2,0.529,0.0,1.0
mos2,0.53,0.0,1.0
mos2,0.531,1.0,1.0
mos2,0.532,1.0,1.0
mos2,0.533,0.0,1.0
mos2,0.534,0.0,1.0
mos2,0.535,0.0,1.0
mos2,0.536,1.0,1.0
mos2,0.537,0.0,1.0
mos2,0.538,1.0,1.0
mos2,0.539,0.0,1.0
mos2,0.54,0.0,1.0
mos2,0.541,3.0,1.7320508075688772
mos2,0.542,0.0,1.0
mos2,0.543,0.0,1.0
mos2,0.544,0.0,1.0
mos2,0.545,0.0,1.0
mos2,0.546,0.0,1.0
mos2,0.547,0.0,1.0
mos2,0.548,0.0,1.0
mos2,0.549,0.0,1.0
mos2,0.55,0.0,1.0
mos2,0.551,0.0,1.0
mos2,0.552,0.0,1.0
mos2,0.553,1.0,1.0
mos2,0.554,0.0,1.0
mos2,0.555,0.0,1.0
mos2,0.556,0.0,1.0
mos2,0.557,0.0,1.0
mos2,0.558,0.0,1.0
mos2,0.559,0.0,1.0
mos2,0.56,1.0,1.0
mos2,0.561,0.0,1.0
mos2,0.562,0.0,1.0
mos2,0.563,0.0,1.0
mos2,0.564,0.0,1.0
mos2,0.565,0.0,1.0
mos2,0.566,0.0,1.0
mos2,0.567,1.0,1.0
mos2,0.568,1.0,1.0
mos2,0.569,1.0,1.0
mos2,0.57,1.0,1.0
mos2,0.571,0.0,1.0
mos2,0.572,0.0,1.0
mos2,0.573,1.0,1.0
mos2,0.574,0.0,1.0
mos2,0.575,0.0,1.0
mos2,0.576,0.0,1.0
mos2,0.577,1.0,1.0
mos2,0.578,1.0,1.0
mos2,0.579,1.0,1.0
mos2,0.58,0.0,1.0
mos2,0.581,0.0,1.0
mos2,0.582,1.0,1.0
mos2,0.583,0.0,1.0
mos2,0.584,0.0,1.0
mos2,0.585,0.0,1.0
mos2,0.586,0.0,1.0
mos2,0.587,0.0,1.0
mos2,0.588,0.0,1.0
mos2,0.589,0.0,1.0
mos2,0.59,0.0,1.0
mos2,0.591,0.0,1.0
mos2,0.592,0.0,1.0
mos2,0.593,0.0,1.0
mos2,0.594,0.0,1.0
mos2,0.595,0.0,1.0
mos2,0.596,0.0,1.0
mos2,0.597,0.0,1.0
mos2,0.598,0.0,1.0
mos2,0.599,0.0,1.0
mos2,0.6,0.0,1.0
mos2,0.601,0.0,1.0
mos2,0.602,1.0,1.0
mos2,0.603,0.0,1.0
mos2,0.604,0.0,1.0
mos2,0.605,0.0,1.0
mos2,0.606,0.0,1.0
mos2,0.607,0.0,1.0
mos2,0.608,0.0,1.0
mos2,0.609,0.0,1.0
mos2,0.61,0.0,1.0
mos2,0.611,0.0,1.0
mos2,0.612,0.0,1.0
mos2,0.613,0.0,1.0
mos2,0.614,1.0,1.0
mos2,0.615,0.0,1.0
mos2,0.616,1.0,1.0
mos2,0.617,0.0,1.0
mos2,0.618,0.0,1.0
mos2,0.619,0.0,1.0
mos2,0.62,0.0,1.0
mos2,0.621,1.0,1.0
mos2,0.622,1.0,1.0
mos2,0.623,0.0,1.0
mos2,0.624,1.0,1.0
mos2,0.625,0.0,1.0
mos2,0.626,0.0,1.0
mos2,0.627,0.0,1.0
mos2,0.628,0.0,1.0
mos2,0.629,0.0,1.0
mos2,0.63,0.0,1.0
mos2,0.631,0.0,1.0
mos2,0.632,0.0,1.0
mos2,0.633,0.0,1.0
mos2,0.634,4.0,2.0
mos2,0.635,0.0,1.0
mos2,0.636,0.0,1.0
mos2,0.637,0.0,1.0
mos2,0.638,1.0,1.0
mos2,0.639,1.0,1.0
mos2,0.64,0.0,1.0
mos2,0.641,0.0,1.0
mos2,0.642,1.0,1.0
mos2,0.643,0.0,1.0
mos2,0.644,0.0,1.0
mos2,0.645,0.0,1.0
mos2,0.646,0.0,1.0
mos2,0.647,0.0,1.0
mos2,0.648,0.0,1.0
mos2,0.649,0.0,1.0
mos2,0.65,0.0,1.0
mos2,0.651,0.0,1.0
mos2,0.652,0.0,1.0
mos2,0.653,0.0,1.0
mos2,0.654,0.0,1.0
mos2,0.655,0.0,1.0
mos2,0.656,0.0,1.0
mos2,0.657,0.0,1.0
mos2,0.658,0.0,1.0
mos2,0.659,0.0,1.0
mos2,0.66,0.0,1.0
mos2,0.661,0.0,1.0
mos2,0.662,0.0,1.0
mos2,0.663,1.0,1.0
mos2,0.664,0.0,1.0
mos2,0.665,0.0,1.0
mos2,0.666,0.0,1.0
mos2,0.667,1.0,1.0
mos2,0.668,0.0,1.0
mos2,0.669,1.0,1.0
mos2,0.67,0.0,1.0
mos2,0.671,1.0,1.0
mos2,0.672,0.0,1.0
mos2,0.673,0.0,1.0
mos2,0.674,0.0,1.0
mos2,0.675,1.0,1.0
mos2,0.676,0.0,1.0
mos2,0.677,0.0,1.0
mos2,0.678,0.0,1.0
mos2,0.679,0.0,1.0
mos2,0.68,0.0,1.0
mos2,0.681,1.0,1.0
mos2,0.682,1.0,1.0
mos2,0.683,0.0,1.0
mos2,0.684,0.0,1.0
mos2,0.685,0.0,1.0
mos2,0.686,0.0,1.0
mos2,0.687,0.0,1.0
mos2,0.688,1.0,1.0
mos2,0.689,0.0,1.0
mos2,0.69,0.0,1.0
mos2,0.691,0.0,1.0
mos2,0.692,0.0,1.0
mos2,0.693,0.0,1.0
mos2,0.694,0.0,1.0
mos2,0.695,0.0,1.0
mos2,0.696,0.0,1.0
mos2,0.697,0.0,1.0
mos2,0.698,0.0,1.0
mos2,0.699,0.0,1.0
mos2,0.7,0.0,1.0
mos2,0.701,0.0,1.0
mos2,0.702,0.0,1.0
mos2,0.703,1.0,1.0
mos2,0.704,0.0,1.0
mos2,0.705,0.0,1.0
mos2,0.706,0.0,1.0
mos2,0.707,0.0,1.0
mos2,0.708,1.0,1.0
mos2,0.709,0.0,1.0
mos2,0.71,0.0,1.0
mos2,0.711,0.0,1.0
mos2,0.712,0.0,1.0
mos2,0.713,1.0,1.0
mos2,0.714,0.0,1.0
mos2,0.715,0.0,1.0
mos2,0.716,0.0,1.0
mos2,0.717,0.0,1.0
mos2,0.718,0.0,1.0
mos2,0.719,0.0,1.0
mos2,0.72,0.0,1.0
mos2,0.721,0.0,1.0
mos2,0.722,1.0,1.0
mos2,0.723,0.0,1.0
mos2,0.724,0.0,1.0
mos2,0.725,0.0,1.0
mos2,0.726,0.0,1.0
mos2,0.727,0.0,1.0
mos2,0.728,1.0,1.0
mos2,0.729,0.0,1.0
mos2,0.73,0.0,1.0
mos2,0.731,0.0,1.0
mos2,0.732,0.0,1.0
mos2,0.733,0.0,1.0
mos2,0.734,0.0,1.0
mos2,0.735,0.0,1.0
mos2,0.736,0.0,1.0
mos2,0.737,1.0,1.0
mos2,0.738,1.0,1.0
mos2,0.739,0.0,1.0
mos2,0.74,0.0,1.0
mos2,0.741,0.0,1.0
mos2,0.742,0.0,1.0
mos2,0.743,0.0,1.0
mos2,0.744,0.0,1.0
mos2,0.745,0.0,1.0
mos2,0.746,0.0,1.0
mos2,0.747,0.0,1.0
mos2,0.748,0.0,1.0
mos2,0.749,0.0,1.0
mos2,0.75,0.0,1.0
mos2,0.751,0.0,1.0
mos2,0.752,0.0,1.0
mos2,0.753,0.0,1.0
mos2,0.754,0.0,1.0
mos2,0.755,1.0,1.0
mos2,0.756,0.0,1.0
mos2,0.757,0.0,1.0
mos2,0.758,0.0,1.0
mos2,0.759,0.0,1.0
mos2,0.76,0.0,1.0
mos2,0.761,1.0,1.0
mos2,0.762,1.0,1.0
mos2,0.763,1.0,1.0
mos2,0.764,0.0,1.0
mos2,0.765,2.0,1.4142135623730951
mos2,0.766,0.0,1.0
mos2,0.767,0.0,1.0
mos2,0.768,1.0,1.0
mos2,0.769,0.0,1.0
mos2,0.77,0.0,1.0
mos2,0.771,0.0,1.0
mos2,0.772,0.0,1.0
mos2,0.773,0.0,1.0
mos2,0.774,0.0,1.0
mos2,0.775,0.0,1.0
mos2,0.776,0.0,1.0
mos2,0.777,0.0,1.0
mos2,0.778,0.0,1.0
mos2,0.779,0.0,1.0
mos2,0.78,0.0,1.0
mos2,0.781,0.0,1.0
mos2,0.782,0.0,1.0
mos2,0.783,0.0,1.0
mos2,0.784,1.0,1.0
mos2,0.785,1.0,1.0
mos2,0.786,0.0,1.0
mos2,0.787,0.0,1.0
mos2,0.788,0.0,1.0
mos2,0.789,0.0,1.0
mos2,0.79,0.0,1.0
mos2,0.791,0.0,1.0
mos2,0.792,1.0,1.0
mos2,0.793,0.0,1.0
mos2,0.794,0.0,1.0
mos2,0.795,0.0,1.0
mos2,0.796,0.0,1.0
mos2,0.797,0.0,1.0
mos2,0.798,0.0,1.0
mos2,0.799,0.0,1.0
mos2,0.8,1.0,1.0
mos2,0.801,0.0,1.0
mos2,0.802,0.0,1.0
mos2,0.803,0.0,1.0
mos2,0.804,0.0,1.0
mos2,0.805,0.0,1.0
mos2,0.806,1.0,1.0
mos2,0.807,0.0,1.0
mos2,0.808,0.0,1.0
mos2,0.809,1.0,1.0
mos2,0.81,0.0,1.0
mos2,0.811,0.0,1.0
mos2,0.812,0.0,1.0
mos2,0.813,0.0,1.0
mos2,0.814,0.0,1.0
mos2,0.815,0.0,1.0
mos2,0.816,0.0,1.0
mos2,0.817,0.0,1.0
mos2,0.818,0.0,1.0
mos2,0.819,0.0,1.0
mos2,0.82,0.0,1.0
mos2,0.821,0.0,1.0
mos2,0.822,0.0,1.0
mos2,0.823,0.0,1.0
mos2,0.824,0.0,1.0
mos2,0.825,0.0,1.0
mos2,0.826,0.0,1.0
mos2,0.827,0.0,1.0
mos2,0.828,0.0,1.0
mos2,0.829,0.0,1.0
mos2,0.83,0.0,1.0
mos2,0.831,1.0,1.0
mos2,0.832,0.0,1.0
mos2,0.833,0.0,1.0
mos2,0.834,0.0,1.0
mos2,0.835,0.0,1.0
mos2,0.836,0.0,1.0
mos2,0.837,1.0,1.0
mos2,0.838,1.0,1.0
mos2,0.839,0.0,1.0
mos2,0.84,0.0,1.0
mos2,0.841,0.0,1.0
mos2,0.842,0.0,1.0
mos2,0.843,0.0,1.0
mos2,0.844,0.0,1.0
mos2,0.845,0.0,1.0
mos2,0.846,0.0,1.0
mos2,0.847,0.0,1.0
mos2,0.848,0.0,1.0
mos2,0.849,1.0,1.0
mos2,0.85,0.0,1.0
mos2,0.851,0.0,1.0
mos2,0.852,0.0,1.0
mos2,0.853,0.0,1.0
mos2,0.854,0.0,1.0
mos2,0.855,0.0,1.0
mos2,0.856,0.0,1.0
mos2,0.857,0.0,1.0
mos2,0.858,0.0,1.0
mos2,0.859,0.0,1.0
mos2,0.86,0.0,1.0
mos2,0.861,0.0,1.0
mos2,0.862,0.0,1.0
mos2,0.863,0.0,1.0
mos2,0.864,0.0,1.0
mos2,0.865,0.0,1.0
mos2,0.866,0.0,1.0
mos2,0.867,0.0,1.0
mos2,0.868,0.0,1.0
mos2,0.869,0.0,1.0
mos2,0.87,0.0,1.0
mos2,0.871,0.0,1.0
mos2,0.872,0.0,1.0
mos2,0.873,0.0,1.0
mos2,0.874,0.0,1.0
mos2,0.875,0.0,1.0
mos2,0.876,0.0,1.0
mos2,0.877,0.0,1.0
mos2,0.878,0.0,1.0
mos2,0.879,0.0,1.0
mos2,0.88,0.0,1.0
mos2,0.881,0.0,1.0
mos2,0.882,0.0,1.0
mos2,0.883,0.0,1.0
mos2,0.884,0.0,1.0
mos2,0.885,0.0,1.0
mos2,0.886,0.0,1.0
mos2,0.887,0.0,1.0
mos2,0.888,0.0,1.0
mos2,0.889,1.0,1.0
mos2,0.89,0.0,1.0
mos2,0.891,0.0,1.0
mos2,0.892,0.0,1.0
mos2,0.893,0.0,1.0
mos2,0.894,0.0,1.0
mos2,0.895,0.0,1.0
mos2,0.896,0.0,1.0
mos2,0.897,0.0,1.0
mos2,0.898,0.0,1.0
mos2,0.899,0.0,1.0
mos2,0.9,0.0,1.0
mos2,0.901,0.0,1.0
mos2,0.902,0.0,1.0
mos2,0.903,0.0,1.0
mos2,0.904,0.0,1.0
mos2,0.905,0.0,1.0
mos2,0.906,0.0,1.0
mos2,0.907,0.0,1.0
mos2,0.908,0.0,1.0
mos2,0.909,0.0,1.0
mos2,0.91,0.0,1.0
mos2,0.911,0.0,1.0
mos2,0.912,0.0,1.0
mos2,0.913,1.0,1.0
mos2,0.914,0.0,1.0
mos2,0.915,0.0,1.0
mos2,0.916,0.0,1.0
mos2,0.917,0.0,1.0
mos2,0.918,0.0,1.0
mos2,0.919,0.0,1.0
mos2,0.92,0.0,1.0
mos2,0.921,0.0,1.0
mos2,0.922,0.0,1.0
mos2,0.923,0.0,1.0
mos2,0.924,0.0,1.0
mos2,0.925,1.0,1.0
mos2,0.926,0.0,1.0
mos2,0.927,0.0,1.0
mos2,0.928,0.0,1.0
mos2,0.929,0.0,1.0
mos2,0.93,0.0,1.0
mos2,0.931,0.0,1.0
mos2,0.932,0.0,1.0
mos2,0.933,0.0,1.0
mos2,0.934,0.0,1.0
mos2,0.935,0.0,1.0
mos2,0.936,0.0,1.0
mos2,0.937,0.0,1.0
mos2,0.938,0.0,1.0
mos2,0.939,1.0,1.0
mos2,0.94,0.0,1.0
mos2,0.941,0.0,1.0
mos2,0.942,0.0,1.0
mos2,0.943,0.0,1.0
mos2,0.944,0.0,1.0
mos2,0.945,0.0,1.0
mos2,0.946,0.0,1.0
mos2,0.947,0.0,1.0
mos2,0.948,0.0,1.0
mos2,0.949,0.0,1.0
mos2,0.95,0.0,1.0
mos2,0.951,0.0,1.0
mos2,0.952,0.0,1.0
mos2,0.953,0.0,1.0
mos2,0.954,0.0,1.0
mos2,0.955,0.0,1.0
mos2,0.956,0.0,1.0
mos2,0.957,0.0,1.0
mos2,0.958,0.0,1.0
mos2,0.959,0.0,1.0
mos2,0.96,0.0,1.0
mos2,0.961,0.0,1.0
mos2,0.962,0.0,1.0
mos2,0.963,0.0,1.0
mos2,0.964,0.0,1.0
mos2,0.965,0.0,1.0
mos2,0.966,0.0,1.0
mos2,0.967,0.0,1.0
mos2,0.968,0.0,1.0
mos2,0.969,0.0,1.0
mos2,0.97,0.0,1.0
mos2,0.971,0.0,1.0
mos2,0.972,0.0,1.0
mos2,0.973,0.0,1.0
mos2,0.974,0.0,1.0
mos2,0.975,0.0,1.0
mos2,0.976,0.0,1.0
mos2,0.977,0.0,1.0
mos2,0.978,0.0,1.0
mos2,0.979,0.0,1.0
mos2,0.98,0.0,1.0
mos2,0.981,0.0,1.0
mos2,0.982,0.0,1.0
mos2,0.983,0.0,1.0
mos2,0.984,0.0,1.0
mos2,0.985,0.0,1.0
mos2,0.986,0.0,1.0
mos2,0.987,0.0,1.0
mos2,0.988,0.0,1.0
mos2,0.989,0.0,1.0
mos2,0.99,0.0,1.0
mos2,0.991,0.0,1.0
mos2,0.992,0.0,1.0
mos2,0.993,0.0,1.0
mos2,0.994,0.0,1.0
mos2,0.995,0.0,1.0
mos2,0.996,0.0,1.0
mos2,0.997,1.0,1.0
mos2,0.998,1.0,1.0
mos2,0.999,0.0,1.0
mos2,1.0,0.0,1.0
mos2,1.001,0.0,1.0
mos2,1.002,0.0,1.0
mos2,1.003,0.0,1.0
mos2,1.004,0.0,1.0
mos2,1.005,0.0,1.0
mos2,1.006,0.0,1.0
mos2,1.007,0.0,1.0
mos2,1.008,0.0,1.0
mos2,1.009,0.0,1.0
mos2,1.01,0.0,1.0
mos2,1.011,1.0,1.0
mos2,1.012,0.0,1.0
mos2,1.013,0.0,1.0
mos2,1.014,0.0,1.0
mos2,1.015,0.0,1.0
mos2,1.016,0.0,1.0
mos2,1.017,1.0,1.0
mos2,1.018,0.0,1.0
mos2,1.019,0.0,1.0
mos2,1.02,0.0,1.0
mos2,1.021,0.0,1.0
mos2,1.022,0.0,1.0
mos2,1.023,0.0,1.0
mos2,1.024,0.0,1.0
mos2,1.025,0.0,1.0
mos2,1.026,0.0,1.0
mos2,1.027,0.0,1.0
mos2,1.028,0.0,1.0
mos2,1.029,0.0,1.0
mos2,1.03,0.0,1.0
mos2,1.031,0.0,1.0
mos2,1.032,0.0,1.0
mos2,1.033,0.0,1.0
mos2,1.034,1.0,1.0
mos2,1.035,0.0,1.0
mos2,1.036,0.0,1.0
mos2,1.037,0.0,1.0
mos2,1.038,0.0,1.0
mos2,1.039,0.0,1.0
mos2,1.04,0.0,1.0
mos2,1.041,0.0,1.0
mos2,1.042,0.0,1.0
mos2,1.043,0.0,1.0
mos2,1.044,0.0,1.0
mos2,1.045,0.0,1.0
mos2,1.046,0.0,1.0
mos2,1.047,0.0,1.0
mos2,1.048,0.0,1.0
mos2,1.049,0.0,1.0
mos2,1.05,0.0,1.0
mos2,1.051,0.0,1.0
mos2,1.052,0.0,1.0
mos2,1.053,1.0,1.0
mos2,1.054,0.0,1.0
mos2,1.055,0.0,1.0
mos2,1.056,0.0,1.0
mos2,1.057,0.0,1.0
mos2,1.058,0.0,1.0
mos2,1.059,0.0,1.0
mos2,1.06,0.0,1.0
mos2,1.061,0.0,1.0
mos2,1.062,0.0,1.0
mos2,1.063,1.0,1.0
mos2,1.064,0.0,1.0
mos2,1.065,0.0,1.0
mos2,1.066,0.0,1.0
mos2,1.067,0.0,1.0
mos2,1.068,0.0,1.0
mos2,1.069,0.0,1.0
mos2,1.07,0.0,1.0
mos2,1.071,0.0,1.0
mos2,1.072,0.0,1.0
mos2,1.073,0.0,1.0
mos2,1.074,0.0,1.0
mos2,1.075,0.0,1.0
mos2,1.076,0.0,1.0
mos2,1.077,0.0,1.0
mos2,1.078,0.0,1.0
mos2,1.079,0.0,1.0
mos2,1.08,0.0,1.0
mos2,1.081,0.0,1.0
mos2,1.082,0.0,1.0
mos2,1.083,0.0,1.0
mos2,1.084,0.0,1.0
mos2,1.085,0.0,1.0
mos2,1.086,0.0,1.0
mos2,1.087,0.0,1.0
mos2,1.088,0.0,1.0
mos2,1.089,0.0,1.0
mos2,1.09,0.0,1.0
mos2,1.091,0.0,1.0
mos2,1.092,1.0,1.0
mos2,1.093,0.0,1.0
mos2,1.094,0.0,1.0
mos2,1.095,0.0,1.0
mos2,1.096,0.0,1.0
mos2,1.097,0.0,1.0
mos2,1.098,0.0,1.0
mos2,1.099,0.0,1.0
mos2,1.1,0.0,1.0
mos2,1.101,0.0,1.0
mos2,1.102,0.0,1.0
mos2,1.103,0.0,1.0
mos2,1.104,0.0,1.0
mos2,1.105,0.0,1.0
mos2,1.106,0.0,1.0
mos2,1.107,0.0,1.0
mos2,1.108,0.0,1.0
mos2,1.109,0.0,1.0
mos2,1.11,0.0,1.0
mos2,1.111,0.0,1.0
mos2,1.112,1.0,1.0
mos2,1.113,0.0,1.0
mos2,1.114,0.0,1.0
mos2,1.115,0.0,1.0
mos2,1.116,0.0,1.0
mos2,1.117,0.0,1.0
mos2,1.118,0.0,1.0
mos2,1.119,0.0,1.0
mos2,1.12,0.0,1.0
mos2,1.121,0.0,1.0
mos2,1.122,0.0,1.0
mos2,1.123,0.0,1.0
mos2,1.124,0.0,1.0
mos2,1.125,0.0,1.0
mos2,1.126,0.0,1.0
mos2,1.127,1.0,1.0
mos2,1.128,0.0,1.0
mos2,1.129,0.0,1.0
mos2,1.13,0.0,1.0
mos2,1.131,0.0,1.0
mos2,1.132,0.0,1.0
mos2,1.133,0.0,1.0
mos2,1.134,0.0,1.0
mos2,1.135,0.0,1.0
mos2,1.136,0.0,1.0
mos2,1.137,0.0,1.0
mos2,1.138,0.0,1.0
mos2,1.139,1.0,1.0
mos2,1.14,0.0,1.0
mos2,1.141,0.0,1.0
mos2,1.142,0.0,1.0
mos2,1.143,0.0,1.0
mos2,1.144,0.0,1.0
mos2,1.145,0.0,1.0
mos2,1.146,0.0,1.0
mos2,1.147,0.0,1.0
mos2,1.148,0.0,1.0
mos2,1.149,0.0,1.0
mos2,1.15,0.0,1.0
mos2,1.151,0.0,1.0
mos2,1.152,0.0,1.0
mos2,1.153,1.0,1.0
mos2,1.154,0.0,1.0
mos2,1.155,0.0,1.0
mos2,1.156,0.0,1.0
mos2,1.157,0.0,1.0
mos2,1.158,0.0,1.0
mos2,1.159,0.0,1.0
mos2,1.16,0.0,1.0
mos2,1.161,0.0,1.0
mos2,1.162,0.0,1.0
mos2,1.163,0.0,1.0
mos2,1.164,0.0,1.0
mos2,1.165,0.0,1.0
mos2,1.166,0.0,1.0
mos2,1.167,0.0,1.0
mos2,1.168,0.0,1.0
mos2,1.169,0.0,1.0
mos2,1.17,0.0,1.0
mos2,1.171,0.0,1.0
mos2,1.172,0.0,1.0
mos2,1.173,0.0,1.0
mos2,1.174,0.0,1.0
mos2,1.175,0.0,1.0
mos2,1.176,0.0,1.0
mos2,1.177,0.0,1.0
mos2,1.178,0.0,1.0
mos2,1.179,0.0,1.0
mos2,1.18,0.0,1.0
mos2,1.181,0.0,1.0
mos2,1.182,0.0,1.0
mos2,1.183,0.0,1.0
mos2,1.184,0.0,1.0
mos2,1.185,0.0,1.0
mos2,1.186,0.0,1.0
mos2,1.187,0.0,1.0
mos2,1.188,0.0,1.0
mos2,1.189,0.0,1.0
mos2,1.19,0.0,1.0
mos2,1.191,0.0,1.0
mos2,1.192,0.0,1.0
mos2,1.193,0.0,1.0
mos2,1.194,0.0,1.0
mos2,1.195,0.0,1.0
mos2,1.196,0.0,1.0
mos2,1.197,0.0,1.0
mos2,1.198,0.0,1.0
mos2,1.199,1.0,1.0
mos2,1.2,0.0,1.0
mos2,1.201,0.0,1.0
mos2,1.202,0.0,1.0
mos2,1.203,0.0,1.0
mos2,1.204,0.0,1.0
mos2,1.205,0.0,1.0
mos2,1.206,0.0,1.0
mos2,1.207,0.0,1.0
mos2,1.208,0.0,1.0
mos2,1.209,0.0,1.0
mos2,1.21,0.0,1.0
mos2,1.211,0.0,1.0
mos2,1.212,0.0,1.0
mos2,1.213,0.0,1.0
mos2,1.214,0.0,1.0
mos2,1.215,0.0,1.0
mos2,1.216,0.0,1.0
mos2,1.217,1.0,1.0
mos2,1.218,0.0,1.0
mos2,1.219,0.0,1.0
mos2,1.22,0.0,1.0
mos2,1.221,1.0,1.0
mos2,1.222,0.0,1.0
mos2,1.223,0.0,1.0
mos2,1.224,0.0,1.0
mos2,1.225,0.0,1.0
mos2,1.226,0.0,1.0
mos2,1.227,0.0,1.0
mos2,1.228,0.0,1.0
mos2,1.229,0.0,1.0
mos2,1.23,0.0,1.0
mos2,1.231,0.0,1.0
mos2,1.232,0.0,1.0
mos2,1.233,0.0,1.0
mos2,1.234,0.0,1.0
mos2,1.235,0.0,1.0
mos2,1.236,0.0,1.0
mos2,1.237,0.0,1.0
mos2,1.238,0.0,1.0
mos2,1.239,0.0,1.0
mos2,1.24,0.0,1.0
mos2,1.241,0.0,1.0
mos2,1.242,0.0,1.0
mos2,1.243,0.0,1.0
mos2,1.244,0.0,1.0
mos2,1.245,0.0,1.0
mos2,1.246,0.0,1.0
mos2,1.247,0.0,1.0
mos2,1.248,0.0,1.0
mos2,1.249,0.0,1.0
mos2,1.25,0.0,1.0
mos2,1.251,0.0,1.0
mos2,1.252,0.0,1.0
mos2,1.253,0.0,1.0
mos2,1.254,0.0,1.0
mos2,1.255,0.0,1.0
mos2,1.256,0.0,1.0
mos2,1.257,0.0,1.0
mos2,1.258,0.0,1.0
mos2,1.259,1.0,1.0
mos2,1.26,0.0,1.0
mos2,1.261,0.0,1.0
mos2,1.262,0.0,1.0
mos2,1.263,0.0,1.0
mos2,1.264,0.0,1.0
mos2,1.265,0.0,1.0
mos2,1.266,0.0,1.0
mos2,1.267,0.0,1.0
mos2,1.268,0.0,1.0
mos2,1.269,0.0,1.0
mos2,1.27,0.0,1.0
mos2,1.271,0.0,1.0
mos2,1.272,0.0,1.0
mos2,1.273,1.0,1.0
mos2,1.274,0.0,1.0
mos2,1.275,0.0,1.0
mos2,1.276,0.0,1.0
mos2,1.277,0.0,1.0
mos2,1.278,0.0,1.0
mos2,1.279,0.0,1.0
mos2,1.28,0.0,1.0
mos2,1.281,0.0,1.0
mos2,1.282,0.0,1.0
mos2,1.283,0.0,1.0
mos2,1.284,0.0,1.0
mos2,1.285,0.0,1.0
mos2,1.286,0.0,1.0
mos2,1.287,0.0,1.0
mos2,1.288,0.0,1.0
mos2,1.289,0.0,1.0
mos2,1.29,0.0,1.0
mos2,1.291,2.0,1.4142135623730951
mos2,1.292,0.0,1.0
mos2,1.293,0.0,1.0
mos2,1.294,0.0,1.0
mos2,1.295,0.0,1.0
mos2,1.296,0.0,1.0
mos2,1.297,0.0,1.0
mos2,1.298,0.0,1.0
mos2,1.299,0.0,1.0
mos2,1.3,0.0,1.0
mos2,1.301,0.0,1.0
mos2,1.302,0.0,1.0
mos2,1.303,0.0,1.0
mos2,1.304,0.0,1.0
mos2,1.305,0.0,1.0
mos2,1.306,0.0,1.0
mos2,1.307,0.0,1.0
mos2,1.308,0.0,1.0
mos2,1.309,0.0,1.0
mos2,1.31,0.0,1.0
mos2,1.311,0.0,1.0
mos2,1.312,0.0,1.0
mos2,1.313,0.0,1.0
mos2,1.314,0.0,1.0
mos2,1.315,0.0,1.0
mos2,1.316,0.0,1.0
mos2,1.317,0.0,1.0
mos2,1.318,0.0,1.0
mos2,1.319,0.0,1.0
mos2,1.32,0.0,1.0
mos2,1.321,0.0,1.0
mos2,1.322,0.0,1.0
mos2,1.323,0.0,1.0
mos2,1.324,1.0,1.0
mos2,1.325,0.0,1.0
mos2,1.326,0.0,1.0
mos2,1.327,0.0,1.0
mos2,1.328,0.0,1.0
mos2,1.329,0.0,1.0
mos2,1.33,0.0,1.0
mos2,1.331,0.0,1.0
mos2,1.332,0.0,1.0
mos2,1.333,0.0,1.0
mos2,1.334,0.0,1.0
mos2,1.335,0.0,1.0
mos2,1.336,0.0,1.0
mos2,1.337,0.0,1.0
mos2,1.338,0.0,1.0
mos2,1.339,0.0,1.0
mos2,1.34,0.0,1.0
mos2,1.341,0.0,1.0
mos2,1.342,0.0,1.0
mos2,1.343,0.0,1.0
mos2,1.344,0.0,1.0
mos2,1.345,0.0,1.0
mos2,1.346,0.0,1.0
mos2,1.347,0.0,1.0
mos2,1.348,0.0,1.0
mos2,1.349,0.0,1.0
mos2,1.35,0.0,1.0
mos2,1.351,0.0,1.0
mos2,1.352,0.0,1.0
mos2,1.353,0.0,1.0
mos2,1.354,0.0,1.0
mos2,1.355,0.0,1.0
mos2,1.356,0.0,1.0
mos2,1.357,0.0,1.0
mos2,1.358,0.0,1.0
mos2,1.359,1.0,1.0
mos2,1.36,0.0,1.0
mos2,1.361,0.0,1.0
mos2,1.362,0.0,1.0
mos2,1.363,0.0,1.0
mos2,1.364,0.0,1.0
mos2,1.365,0.0,1.0
mos2,1.366,0.0,1.0
mos2,1.367,0.0,1.0
mos2,1.368,0.0,1.0
mos2,1.369,1.0,1.0
mos2,1.37,0.0,1.0
mos2,1.371,0.0,1.0
mos2,1.372,0.0,1.0
mos2,1.373,0.0,1.0
mos2,1.374,0.0,1.0
mos2,1.375,0.0,1.0
mos2,1.376,0.0,1.0
mos2,1.377,0.0,1.0
mos2,1.378,0.0,1.0
mos2,1.379,0.0,1.0
mos2,1.38,0.0,1.0
mos2,1.381,0.0,1.0
mos2,1.382,0.0,1.0
mos2,1.383,0.0,1.0
mos2,1.384,0.0,1.0
mos2,1.385,0.0,1.0
mos2,1.386,0.0,1.0
mos2,1.387,0.0,1.0
mos2,1.388,1.0,1.0
mos2,1.389,0.0,1.0
mos2,1.39,0.0,1.0
mos2,1.391,0.0,1.0
mos2,1.392,0.0,1.0
mos2,1.393,0.0,1.0
mos2,1.394,0.0,1.0
mos2,1.395,0.0,1.0
mos2,1.396,0.0,1.0
mos2,1.397,0.0,1.0
mos2,1.398,0.0,1.0
mos2,1.399,0.0,1.0
mos2,1.4,0.0,1.0
mos2,1.401,0.0,1.0
mos2,1.402,0.0,1.0
mos2,1.403,0.0,1.0
mos2,1.404,0.0,1.0
mos2,1.405,0.0,1.0
mos2,1.406,0.0,1.0
mos2,1.407,0.0,1.0
mos2,1.408,1.0,1.0
mos2,1.409,0.0,1.0
mos2,1.41,0.0,1.0
mos2,1.411,0.0,1.0
mos2,1.412,0.0,1.0
mos2,1.413,0.0,1.0
mos2,1.414,0.0,1.0
mos2,1.415,0.0,1.0
mos2,1.416,0.0,1.0
mos2,1.417,0.0,1.0
mos2,1.418,0.0,1.0
mos2,1.419,0.0,1.0
mos2,1.42,0.0,1.0
mos2,1.421,0.0,1.0
mos2,1.422,0.0,1.0
mos2,1.423,0.0,1.0
mos2,1.424,0.0,1.0
mos2,1.425,0.0,1.0
mos2,1.426,0.0,1.0
mos2,1.427,0.0,1.0
mos2,1.428,0.0,1.0
mos2,1.429,0.0,1.0
mos2,1.43,1.0,1.0
mos2,1.431,0.0,1.0
mos2,1.432,0.0,1.0
mos2,1.433,0.0,1.0
mos2,1.434,1.0,1.0
mos2,1.435,0.0,1.0
mos2,1.436,1.0,1.0
mos2,1.437,0.0,1.0
mos2,1.438,0.0,1.0
mos2,1.439,0.0,1.0
mos2,1.44,0.0,1.0
mos2,1.441,0.0,1.0
mos2,1.442,0.0,1.0
mos2,1.443,0.0,1.0
mos2,1.444,0.0,1.0
mos2,1.445,0.0,1.0
mos2,1.446,0.0,1.0
mos2,1.447,0.0,1.0
mos2,1.448,0.0,1.0
mos2,1.449,1.0,1.0
mos2,1.45,0.0,1.0
mos2,1.451,0.0,1.0
mos2,1.452,0.0,1.0
mos2,1.453,0.0,1.0
mos2,1.454,0.0,1.0
mos2,1.455,0.0,1.0
mos2,1.456,0.0,1.0
mos2,1.457,0.0,1.0
mos2,1.458,0.0,1.0
mos2,1.459,0.0,1.0
mos2,1.46,0.0,1.0
mos2,1.461,0.0,1.0
mos2,1.462,0.0,1.0
mos2,1.463,0.0,1.0
mos2,1.464,0.0,1.0
mos2,1.465,0.0,1.0
mos2,1.466,0.0,1.0
mos2,1.467,0.0,1.0
mos2,1.468,0.0,1.0
mos2,1.469,0.0,1.0
mos2,1.47,1.0,1.0
mos2,1.471,0.0,1.0
mos2,1.472,0.0,1.0
mos2,1.473,0.0,1.0
mos2,1.474,1.0,1.0
mos2,1.475,0.0,1.0
mos2,1.476,0.0,1.0
mos2,1.477,0.0,1.0
mos2,1.478,0.0,1.0
mos2,1.479,0.0,1.0
mos2,1.48,0.0,1.0
mos2,1.481,0.0,1.0
mos2,1.482,0.0,1.0
mos2,1.483,0.0,1.0
mos2,1.484,0.0,1.0
mos2,1.485,0.0,1.0
mos2,1.486,0.0,1.0
mos2,1.487,0.0,1.0
mos2,1.488,0.0,1.0
mos2,1.489,0.0,1.0
mos2,1.49,0.0,1.0
mos2,1.491,0.0,1.0
mos2,1.492,0.0,1.0
mos2,1.493,1.0,1.0
mos2,1.494,0.0,1.0
mos2,1.495,0.0,1.0
mos2,1.496,0.0,1.0
mos2,1.497,0.0,1.0
mos2,1.498,0.0,1.0
mos2,1.499,0.0,1.0
mos2,1.5,0.0,1.0
mos2,1.501,0.0,1.0
mos2,1.502,0.0,1.0
mos2,1.503,0.0,1.0
mos2,1.504,0.0,1.0
mos2,1.505,0.0,1.0
mos2,1.506,0.0,1.0
mos2,1.507,0.0,1.0
mos2,1.508,0.0,1.0
mos2,1.509,0.0,1.0
mos2,1.51,0.0,1.0
mos2,1.511,0.0,1.0
mos2,1.512,0.0,1.0
mos2,1.513,0.0,1.0
mos2,1.514,0.0,1.0
mos2,1.515,0.0,1.0
mos2,1.516,0.0,1.0
mos2,1.517,0.0,1.0
mos2,1.518,0.0,1.0
mos2,1.519,0.0,1.0
mos2,1.52,0.0,1.0
mos2,1.521,0.0,1.0
mos2,1.522,0.0,1.0
mos2,1.523,0.0,1.0
mos2,1.524,0.0,1.0
mos2,1.525,0.0,1.0
mos2,1.526,0.0,1.0
mos2,1.527,0.0,1.0
mos2,1.528,0.0,1.0
mos2,1.529,0.0,1.0
mos2,1.53,0.0,1.0
mos2,1.531,0.0,1.0
mos2,1.532,0.0,1.0
mos2,1.533,0.0,1.0
mos2,1.534,0.0,1.0
mos2,1.535,0.0,1.0
mos2,1.536,0.0,1.0
mos2,1.537,0.0,1.0
mos2,1.538,0.0,1.0
mos2,1.539,0.0,1.0
mos2,1.54,0.0,1.0
mos2,1.541,0.0,1.0
mos2,1.542,0.0,1.0
mos2,1.543,0.0,1.0
mos2,1.544,0.0,1.0
mos2,1.545,0.0,1.0
mos2,1.546,0.0,1.0
mos2,1.547,0.0,1.0
mos2,1.548,0.0,1.0
mos2,1.549,0.0,1.0
mos2,1.55,0.0,1.0
mos2,1.551,0.0,1.0
mos2,1.552,0.0,1.0
mos2,1.553,0.0,1.0
mos2,1.554,0.0,1.0
mos2,1.555,0.0,1.0
mos2,1.556,0.0,1.0
mos2,1.557,0.0,1.0
mos2,1.558,0.0,1.0
mos2,1.559,0.0,1.0
mos2,1.56,0.0,1.0
mos2,1.561,0.0,1.0
mos2,1.562,0.0,1.0
mos2,1.563,0.0,1.0
mos2,1.564,0.0,1.0
mos2,1.565,0.0,1.0
mos2,1.566,0.0,1.0
mos2,1.567,0.0,1.0
mos2,1.568,1.0,1.0
mos2,1.569,0.0,1.0
mos2,1.57,0.0,1.0
mos2,1.571,0.0,1.0
mos2,1.572,0.0,1.0
mos2,1.573,0.0,1.0
mos2,1.574,0.0,1.0
mos2,1.575,0.0,1.0
mos2,1.576,0.0,1.0
mos2,1.577,0.0,1.0
mos2,1.578,0.0,1.0
mos2,1.579,0.0,1.0
mos2,1.58,0.0,1.0
mos2,1.581,0.0,1.0
mos2,1.582,0.0,1.0
mos2,1.583,0.0,1.0
mos2,1.584,0.0,1.0
mos2,1.585,0.0,1.0
mos2,1.586,0.0,1.0
mos2,1.587,0.0,1.0
mos2,1.588,0.0,1.0
mos2,1.589,0.0,1.0
mos2,1.59,0.0,1.0
mos2,1.591,0.0,1.0
mos2,1.592,0.0,1.0
mos2,1.593,0.0,1.0
mos2,1.594,0.0,1.0
mos2,1.595,0.0,1.0
mos2,1.596,0.0,1.0
mos2,1.597,0.0,1.0
mos2,1.598,0.0,1.0
mos2,1.599,0.0,1.0
mos2,1.6,0.0,1.0
mos2,1.601,0.0,1.0
mos2,1.602,0.0,1.0
mos2,1.603,0.0,1.0
mos2,1.604,0.0,1.0
mos2,1.605,0.0,1.0
mos2,1.606,0.0,1.0
mos2,1.607,0.0,1.0
mos2,1.608,0.0,1.0
mos2,1.609,0.0,1.0
mos2,1.61,1.0,1.0
mos2,1.611,0.0,1.0
mos2,1.612,0.0,1.0
mos2,1.613,0.0,1.0
mos2,1.614,0.0,1.0
mos2,1.615,0.0,1.0
mos2,1.616,0.0,1.0
mos2,1.617,1.0,1.0
mos2,1.618,0.0,1.0
mos2,1.619,0.0,1.0
mos2,1.62,0.0,1.0
mos2,1.621,0.0,1.0
mos2,1.622,0.0,1.0
mos2,1.623,0.0,1.0
mos2,1.624,1.0,1.0
mos2,1.625,0.0,1.0
mos2,1.626,0.0,1.0
mos2,1.627,0.0,1.0
mos2,1.628,0.0,1.0
mos2,1.629,0.0,1.0
mos2,1.63,0.0,1.0
mos2,1.631,0.0,1.0
mos2,1.632,0.0,1.0
mos2,1.633,0.0,1.0
mos2,1.634,0.0,1.0
mos2,1.635,0.0,1.0
mos2,1.636,0.0,1.0
mos2,1.637,0.0,1.0
mos2,1.638,0.0,1.0
mos2,1.639,1.0,1.0
mos2,1.64,0.0,1.0
mos2,1.641,0.0,1.0
mos2,1.642,0.0,1.0
mos2,1.643,0.0,1.0
mos2,1.644,0.0,1.0
mos2,1.645,0.0,1.0
mos2,1.646,0.0,1.0
mos2,1.647,0.0,1.0
mos2,1.648,0.0,1.0
mos2,1.649,0.0,1.0
mos2,1.65,0.0,1.0
mos2,1.651,0.0,1.0
mos2,1.652,0.0,1.0
mos2,1.653,0.0,1.0
mos2,1.654,0.0,1.0
mos2,1.655,0.0,1.0
mos2,1.656,0.0,1.0
mos2,1.657,0.0,1.0
mos2,1.658,0.0,1.0
mos2,1.659,0.0,1.0
mos2,1.66,0.0,1.0
mos2,1.661,0.0,1.0
mos2,1.662,0.0,1.0
mos2,1.663,0.0,1.0
mos2,1.664,0.0,1.0
mos2,1.665,0.0,1.0
mos2,1.666,0.0,1.0
mos2,1.667,0.0,1.0
mos2,1.668,0.0,1.0
mos2,1.669,0.0,1.0
mos2,1.67,0.0,1.0
mos2,1.671,0.0,1.0
mos2,1.672,0.0,1.0
mos2,1.673,0.0,1.0
mos2,1.674,0.0,1.0
mos2,1.675,0.0,1.0
mos2,1.676,0.0,1.0
mos2,1.677,0.0,1.0
mos2,1.678,0.0,1.0
mos2,1.679,0.0,1.0
mos2,1.68,0.0,1.0
mos2,1.681,0.0,1.0
mos2,1.682,0.0,1.0
mos2,1.683,0.0,1.0
mos2,1.684,0.0,1.0
mos2,1.685,0.0,1.0
mos2,1.686,0.0,1.0
mos2,1.687,0.0,1.0
mos2,1.688,0.0,1.0
mos2,1.689,1.0,1.0
mos2,1.69,0.0,1.0
mos2,1.691,0.0,1.0
mos2,1.692,0.0,1.0
mos2,1.693,0.0,1.0
mos2,1.694,0.0,1.0
mos2,1.695,0.0,1.0
mos2,1.696,0.0,1.0
mos2,1.697,0.0,1.0
mos2,1.698,0.0,1.0
mos2,1.699,0.0,1.0
mos2,1.7,0.0,1.0
mos2,1.701,0.0,1.0
mos2,1.702,0.0,1.0
mos2,1.703,0.0,1.0
mos2,1.704,0.0,1.0
mos2,1.705,0.0,1.0
mos2,1.706,0.0,1.0
mos2,1.707,0.0,1.0
mos2,1.708,0.0,1.0
mos2,1.709,0.0,1.0
mos2,1.71,0.0,1.0
mos2,1.711,0.0,1.0
mos2,1.712,0.0,1.0
mos2,1.713,0.0,1.0
mos2,1.714,0.0,1.0
mos2,1.715,0.0,1.0
mos2,1.716,0.0,1.0
mos2,1.717,0.0,1.0
mos2,1.718,0.0,1.0
mos2,1.719,0.0,1.0
mos2,1.72,0.0,1.0
mos2,1.721,0.0,1.0
mos2,1.722,0.0,1.0
mos2,1.723,0.0,1.0
mos2,1.724,0.0,1.0
mos2,1.725,0.0,1.0
mos2,1.726,0.0,1.0
mos2,1.727,0.0,1.0
mos2,1.728,0.0,1.0
mos2,1.729,0.0,1.0
mos2,1.73,0.0,1.0
mos2,1.731,0.0,1.0
mos2,1.732,0.0,1.0
mos2,1.733,0.0,1.0
mos2,1.734,0.0,1.0
mos2,1.735,0.0,1.0
mos2,1.736,0.0,1.0
mos2,1.737,0.0,1.0
mos2,1.738,0.0,1.0
mos2,1.739,0.0,1.0
mos2,1.74,0.0,1.0
mos2,1.741,0.0,1.0
mos2,1.742,1.0,1.0
mos2,1.743,0.0,1.0
mos2,1.744,0.0,1.0
mos2,1.745,0.0,1.0
mos2,1.746,0.0,1.0
mos2,1.747,0.0,1.0
mos2,1.748,0.0,1.0
mos2,1.749,0.0,1.0
mos2,1.75,0.0,1.0
mos2,1.751,0.0,1.0
mos2,1.752,0.0,1.0
mos2,1.753,0.0,1.0
mos2,1.754,0.0,1.0
mos2,1.755,0.0,1.0
mos2,1.756,0.0,1.0
mos2,1.757,0.0,1.0
mos2,1.758,0.0,1.0
mos2,1.759,1.0,1.0
mos2,1.76,0.0,1.0
mos2,1.761,0.0,1.0
mos2,1.762,0.0,1.0
mos2,1.763,0.0,1.0
mos2,1.764,0.0,1.0
mos2,1.765,0.0,1.0
mos2,1.766,0.0,1.0
mos2,1.767,0.0,1.0
mos2,1.768,1.0,1.0
mos2,1.769,0.0,1.0
mos2,1.77,0.0,1.0
mos2,1.771,0.0,1.0
mos2,1.772,0.0,1.0
mos2,1.773,0.0,1.0
mos2,1.774,0.0,1.0
mos2,1.775,0.0,1.0
mos2,1.776,0.0,1.0
mos2,1.777,0.0,1.0
mos2,1.778,0.0,1.0
mos2,1.779,0.0,1.0
mos2,1.78,0.0,1.0
mos2,1.781,0.0,1.0
mos2,1.782,0.0,1.0
mos2,1.783,0.0,1.0
mos2,1.784,0.0,1.0
mos2,1.785,0.0,1.0
mos2,1.786,0.0,1.0
mos2,1.787,0.0,1.0
mos2,1.788,0.0,1.0
mos2,1.789,0.0,1.0
mos2,1.79,0.0,1.0
mos2,1.791,0.0,1.0
mos2,1.792,0.0,1.0
mos2,1.793,0.0,1.0
mos2,1.794,0.0,1.0
mos2,1.795,0.0,1.0
mos2,1.796,0.0,1.0
mos2,1.797,0.0,1.0
mos2,1.798,0.0,1.0
mos2,1.799,0.0,1.0
mos2,1.8,0.0,1.0
mos2,1.801,0.0,1.0
mos2,1.802,0.0,1.0
mos2,1.803,0.0,1.0
mos2,1.804,0.0,1.0
mos2,1.805,0.0,1.0
mos2,1.806,0.0,1.0
mos2,1.807,0.0,1.0
mos2,1.808,0.0,1.0
mos2,1.809,0.0,1.0
mos2,1.81,0.0,1.0
mos2,1.811,0.0,1.0
mos2,1.812,0.0,1.0
mos2,1.813,0.0,1.0
mos2,1.814,0.0,1.0
mos2,1.815,0.0,1.0
mos2,1.816,0.0,1.0
mos2,1.817,0.0,1.0
mos2,1.818,0.0,1.0
mos2,1.819,0.0,1.0
mos2,1.82,0.0,1.0
mos2,1.821,1.0,1.0
mos2,1.822,0.0,1.0
mos2,1.823,0.0,1.0
mos2,1.824,0.0,1.0
mos2,1.825,0.0,1.0
mos2,1.826,0.0,1.0
mos2,1.827,0.0,1.0
mos2,1.828,1.0,1.0
mos2,1.829,0.0,1.0
mos2,1.83,0.0,1.0
mos2,1.831,0.0,1.0
mos2,1.832,0.0,1.0
mos2,1.833,0.0,1.0
mos2,1.834,0.0,1.0
mos2,1.835,0.0,1.0
mos2,1.836,0.0,1.0
mos2,1.837,0.0,1.0
mos2,1.838,0.0,1.0
mos2,1.839,0.0,1.0
mos2,1.84,0.0,1.0
mos2,1.841,0.0,1.0
mos2,1.842,0.0,1.0
mos2,1.843,0.0,1.0
mos2,1.844,0.0,1.0
mos2,1.845,0.0,1.0
mos2,1.846,0.0,1.0
mos2,1.847,0.0,1.0
mos2,1.848,0.0,1.0
mos2,1.849,0.0,1.0
mos2,1.85,0.0,1.0
mos2,1.851,0.0,1.0
mos2,1.852,0.0,1.0
mos2,1.853,0.0,1.0
mos2,1.854,0.0,1.0
mos2,1.855,0.0,1.0
mos2,1.856,0.0,1.0
mos2,1.857,0.0,1.0
mos2,1.858,0.0,1.0
mos2,1.859,0.0,1.0
mos2,1.86,0.0,1.0
mos2,1.861,0.0,1.0
mos2,1.862,1.0,1.0
mos2,1.863,0.0,1.0
mos2,1.864,1.0,1.0
mos2,1.865,0.0,1.0
mos2,1.866,0.0,1.0
mos2,1.867,0.0,1.0
mos2,1.868,0.0,1.0
mos2,1.869,0.0,1.0
mos2,1.87,0.0,1.0
mos2,1.871,0.0,1.0
mos2,1.872,0.0,1.0
mos2,1.873,0.0,1.0
mos2,1.874,0.0,1.0
mos2,1.875,0.0,1.0
mos2,1.876,0.0,1.0
mos2,1.877,0.0,1.0
mos2,1.878,0.0,1.0
mos2,1.879,0.0,1.0
mos2,1.88,0.0,1.0
mos2,1.881,0.0,1.0
mos2,1.882,0.0,1.0
mos2,1.883,0.0,1.0
mos2,1.884,0.0,1.0
mos2,1.885,0.0,1.0
mos2,1.886,0.0,1.0
mos2,1.887,0.0,1.0
mos2,1.888,0.0,1.0
mos2,1.889,0.0,1.0
mos2,1.89,0.0,1.0
mos2,1.891,0.0,1.0
mos2,1.892,0.0,1.0
mos2,1.893,0.0,1.0
mos2,1.894,0.0,1.0
mos2,1.895,0.0,1.0
mos2,1.896,0.0,1.0
mos2,1.897,0.0,1.0
mos2,1.898,0.0,1.0
mos2,1.899,0.0,1.0
mos2,1.9,0.0,1.0
mos2,1.901,0.0,1.0
mos2,1.902,1.0,1.0
mos2,1.903,0.0,1.0
mos2,1.904,0.0,1.0
mos2,1.905,0.0,1.0
mos2,1.906,0.0,1.0
mos2,1.907,0.0,1.0
mos2,1.908,0.0,1.0
mos2,1.909,0.0,1.0
mos2,1.91,0.0,1.0
mos2,1.911,0.0,1.0
mos2,1.912,0.0,1.0
mos2,1.913,0.0,1.0
mos2,1.914,0.0,1.0
mos2,1.915,0.0,1.0
mos2,1.916,0.0,1.0
mos2,1.917,0.0,1.0
mos2,1.918,0.0,1.0
mos2,1.919,0.0,1.0
mos2,1.92,0.0,1.0
mos2,1.921,0.0,1.0
mos2,1.922,0.0,1.0
mos2,1.923,0.0,1.0
mos2,1.924,0.0,1.0
mos2,1.925,0.0,1.0
mos2,1.926,0.0,1.0
mos2,1.927,0.0,1.0
mos2,1.928,0.0,1.0
mos2,1.929,0.0,1.0
mos2,1.93,0.0,1.0
mos2,1.931,0.0,1.0
mos2,1.932,0.0,1.0
mos2,1.933,1.0,1.0
mos2,1.934,0.0,1.0
mos2,1.935,0.0,1.0
mos2,1.936,0.0,1.0
mos2,1.937,0.0,1.0
mos2,1.938,0.0,1.0
mos2,1.939,0.0,1.0
mos2,1.94,0.0,1.0
mos2,1.941,0.0,1.0
mos2,1.942,0.0,1.0
mos2,1.943,0.0,1.0
mos2,1.944,0.0,1.0
mos2,1.945,0.0,1.0
mos2,1.946,0.0,1.0
mos2,1.947,0.0,1.0
mos2,1.948,0.0,1.0
mos2,1.949,0.0,1.0
mos2,1.95,0.0,1.0
mos2,1.951,0.0,1.0
mos2,1.952,0.0,1.0
mos2,1.953,0.0,1.0
mos2,1.954,0.0,1.0
mos2,1.955,0.0,1.0
mos2,1.956,0.0,1.0
mos2,1.957,0.0,1.0
mos2,1.958,0.0,1.0
mos2,1.959,0.0,1.0
mos2,1.96,0.0,1.0
mos2,1.961,0.0,1.0
mos2,1.962,0.0,1.0
mos2,1.963,0.0,1.0
mos2,1.964,0.0,1.0
mos2,1.965,0.0,1.0
mos2,1.966,0.0,1.0
mos2,1.967,0.0,1.0
mos2,1.968,0.0,1.0
mos2,1.969,0.0,1.0
mos2,1.97,0.0,1.0
mos2,1.971,0.0,1.0
mos2,1.972,0.0,1.0
mos2,1.973,0.0,1.0
mos2,1.974,0.0,1.0
mos2,1.975,0.0,1.0
mos2,1.976,1.0,1.0
mos2,1.977,0.0,1.0
mos2,1.978,0.0,1.0
mos2,1.979,0.0,1.0
mos2,1.98,0.0,1.0
mos2,1.981,0.0,1.0
mos2,1.982,0.0,1.0
mos2,1.983,0.0,1.0
mos2,1.984,0.0,1.0
mos2,1.985,0.0,1.0
mos2,1.986,0.0,1.0
mos2,1.987,0.0,1.0
mos2,1.988,0.0,1.0
mos2,1.989,0.0,1.0
mos2,1.99,0.0,1.0
mos2,1.991,0.0,1.0
mos2,1.992,0.0,1.0
mos2,1.993,0.0,1.0
mos2,1.994,0.0,1.0
mos2,1.995,0.0,1.0
mos2,1.996,0.0,1.0
mos2,1.997,0.0,1.0
mos2,1.998,0.0,1.0
mos2,1.999,0.0,1.0
mos2,2.0,0.0,1.0
mos2,2.001,0.0,1.0
mos2,2.002,0.0,1.0
mos2,2.003,0.0,1.0
mos2,2.004,0.0,1.0
mos2,2.005,0.0,1.0
mos2,2.006,0.0,1.0
mos2,2.007,0.0,1.0
mos2,2.008,0.0,1.0
mos2,2.009,0.0,1.0
mos2,2.01,0.0,1.0
mos2,2.011,1.0,1.0
mos2,2.012,0.0,1.0
mos2,2.013,0.0,1.0
mos2,2.014,0.0,1.0
mos2,2.015,0.0,1.0
mos2,2.016,0.0,1.0
mos2,2.017,0.0,1.0
mos2,2.018,0.0,1.0
mos2,2.019,0.0,1.0
mos2,2.02,0.0,1.0
mos2,2.021,1.0,1.0
mos2,2.022,0.0,1.0
mos2,2.023,0.0,1.0
mos2,2.024,0.0,1.0
mos2,2.025,0.0,1.0
mos2,2.026,0.0,1.0
mos2,2.027,0.0,1.0
mos2,2.028,0.0,1.0
mos2,2.029,0.0,1.0
mos2,2.03,0.0,1.0
mos2,2.031,0.0,1.0
mos2,2.032,1.0,1.0
mos2,2.033,0.0,1.0
mos2,2.034,0.0,1.0
mos2,2.035,0.0,1.0
mos2,2.036,0.0,1.0
mos2,2.037,0.0,1.0
mos2,2.038,0.0,1.0
mos2,2.039,0.0,1.0
mos2,2.04,1.0,1.0
mos2,2.041,0.0,1.0
mos2,2.042,0.0,1.0
mos2,2.043,0.0,1.0
mos2,2.044,0.0,1.0
mos2,2.045,0.0,1.0
mos2,2.046,0.0,1.0
mos2,2.047,1.0,1.0
mos2,2.048,0.0,1.0
mos2,2.049,0.0,1.0
mos2,2.05,0.0,1.0
mos2,2.051,0.0,1.0
mos2,2.052,0.0,1.0
mos2,2.053,0.0,1.0
mos2,2.054,0.0,1.0
mos2,2.055,0.0,1.0
mos2,2.056,0.0,1.0
mos2,2.057,0.0,1.0
mos2,2.058,0.0,1.0
mos2,2.059,0.0,1.0
mos2,2.06,0.0,1.0
mos2,2.061,0.0,1.0
mos2,2.062,0.0,1.0
mos2,2.063,0.0,1.0
mos2,2.064,0.0,1.0
mos2,2.065,0.0,1.0
mos2,2.066,0.0,1.0
mos2,2.067,0.0,1.0
mos2,2.068,0.0,1.0
mos2,2.069,0.0,1.0
mos2,2.07,0.0,1.0
mos2,2.071,0.0,1.0
mos2,2.072,0.0,1.0
mos2,2.073,0.0,1.0
mos2,2.074,0.0,1.0
mos2,2.075,0.0,1.0
mos2,2.076,0.0,1.0
mos2,2.077,0.0,1.0
mos2,2.078,0.0,1.0
mos2,2.079,0.0,1.0
mos2,2.08,0.0,1.0
mos2,2.081,0.0,1.0
mos2,2.082,0.0,1.0
mos2,2.083,0.0,1.0
mos2,2.084,0.0,1.0
mos2,2.085,0.0,1.0
mos2,2.086,0.0,1.0
mos2,2.087,0.0,1.0
mos2,2.088,0.0,1.0
mos2,2.089,0.0,1.0
mos2,2.09,0.0,1.0
mos2,2.091,0.0,1.0
mos2,2.092,0.0,1.0
mos2,2.093,0.0,1.0
mos2,2.094,0.0,1.0
mos2,2.095,0.0,1.0
mos2,2.096,0.0,1.0
mos2,2.097,0.0,1.0
mos2,2.098,0.0,1.0
mos2,2.099,0.0,1.0
mos2,2.1,0.0,1.0
mos2,2.101,0.0,1.0
mos2,2.102,0.0,1.0
mos2,2.103,0.0,1.0
mos2,2.104,0.0,1.0
mos2,2.105,0.0,1.0
mos2,2.106,0.0,1.0
mos2,2.107,0.0,1.0
mos2,2.108,0.0,1.0
mos2,2.109,0.0,1.0
mos2,2.11,0.0,1.0
mos2,2.111,0.0,1.0
mos2,2.112,0.0,1.0
mos2,2.113,0.0,1.0
mos2,2.114,0.0,1.0
mos2,2.115,0.0,1.0
mos2,2.116,0.0,1.0
mos2,2.117,0.0,1.0
mos2,2.118,1.0,1.0
mos2,2.119,0.0,1.0
mos2,2.12,0.0,1.0
mos2,2.121,0.0,1.0
mos2,2.122,0.0,1.0
mos2,2.123,0.0,1.0
mos2,2.124,0.0,1.0
mos2,2.125,0.0,1.0
mos2,2.126,0.0,1.0
mos2,2.127,0.0,1.0
mos2,2.128,0.0,1.0
mos2,2.129,0.0,1.0
mos2,2.13,0.0,1.0
mos2,2.131,0.0,1.0
mos2,2.132,0.0,1.0
mos2,2.133,0.0,1.0
mos2,2.134,0.0,1.0
mos2,2.135,0.0,1.0
mos2,2.136,0.0,1.0
mos2,2.137,0.0,1.0
mos2,2.138,0.0,1.0
mos2,2.139,0.0,1.0
mos2,2.14,1.0,1.0
mos2,2.141,0.0,1.0
mos2,2.142,0.0,1.0
mos2,2.143,0.0,1.0
mos2,2.144,0.0,1.0
mos2,2.145,0.0,1.0
mos2,2.146,1.0,1.0
mos2,2.147,0.0,1.0
mos2,2.148,0.0,1.0
mos2,2.149,0.0,1.0
mos2,2.15,0.0,1.0
mos2,2.151,0.0,1.0
mos2,2.152,0.0,1.0
mos2,2.153,0.0,1.0
mos2,2.154,0.0,1.0
mos2,2.155,0.0,1.0
mos2,2.156,0.0,1.0
mos2,2.157,0.0,1.0
mos2,2.158,0.0,1.0
mos2,2.159,0.0,1.0
mos2,2.16,0.0,1.0
mos2,2.161,0.0,1.0
mos2,2.162,0.0,1.0
mos2,2.163,0.0,1.0
mos2,2.164,0.0,1.0
mos2,2.165,0.0,1.0
mos2,2.166,0.0,1.0
mos2,2.167,0.0,1.0
mos2,2.168,0.0,1.0
mos2,2.169,0.0,1.0
mos2,2.17,0.0,1.0
mos2,2.171,0.0,1.0
mos2,2.172,0.0,1.0
mos2,2.173,0.0,1.0
mos2,2.174,0.0,1.0
mos2,2.175,0.0,1.0
mos2,2.176,0.0,1.0
mos2,2.177,0.0,1.0
mos2,2.178,0.0,1.0
mos2,2.179,0.0,1.0
mos2,2.18,0.0,1.0
mos2,2.181,0.0,1.0
mos2,2.182,0.0,1.0
mos2,2.183,0.0,1.0
mos2,2.184,0.0,1.0
mos2,2.185,0.0,1.0
mos2,2.186,0.0,1.0
mos2,2.187,0.0,1.0
mos2,2.188,0.0,1.0
mos2,2.189,0.0,1.0
mos2,2.19,0.0,1.0
mos2,2.191,0.0,1.0
mos2,2.192,0.0,1.0
mos2,2.193,0.0,1.0
mos2,2.194,0.0,1.0
mos2,2.195,0.0,1.0
mos2,2.196,0.0,1.0
mos2,2.197,0.0,1.0
mos2,2.198,0.0,1.0
mos2,2.199,0.0,1.0
mos2,2.2,0.0,1.0
mos2,2.201,0.0,1.0
mos2,2.202,0.0,1.0
mos2,2.203,0.0,1.0
mos2,2.204,0.0,1.0
mos2,2.205,0.0,1.0
mos2,2.206,0.0,1.0
mos2,2.207,0.0,1.0
mos2,2.208,0.0,1.0
mos2,2.209,0.0,1.0
mos2,2.21,0.0,1.0
mos2,2.211,0.0,1.0
mos2,2.212,0.0,1.0
mos2,2.213,0.0,1.0
mos2,2.214,0.0,1.0
mos2,2.215,0.0,1.0
mos2,2.216,0.0,1.0
mos2,2.217,0.0,1.0
mos2,2.218,0.0,1.0
mos2,2.219,0.0,1.0
mos2,2.22,0.0,1.0
mos2,2.221,0.0,1.0
mos2,2.222,0.0,1.0
mos2,2.223,0.0,1.0
mos2,2.224,0.0,1.0
mos2,2.225,0.0,1.0
mos2,2.226,0.0,1.0
mos2,2.227,0.0,1.0
mos2,2.228,0.0,1.0
mos2,2.229,0.0,1.0
mos2,2.23,0.0,1.0
mos2,2.231,0.0,1.0
mos2,2.232,0.0,1.0
mos2,2.233,0.0,1.0
mos2,2.234,0.0,1.0
mos2,2.235,0.0,1.0
mos2,2.236,0.0,1.0
mos2,2.237,0.0,1.0
mos2,2.238,0.0,1.0
mos2,2.239,0.0,1.0
mos2,2.24,0.0,1.0
mos2,2.241,0.0,1.0
mos2,2.242,0.0,1.0
mos2,2.243,0.0,1.0
mos2,2.244,0.0,1.0
mos2,2.245,0.0,1.0
mos2,2.246,1.0,1.0
mos2,2.247,0.0,1.0
mos2,2.248,0.0,1.0
mos2,2.249,0.0,1.0
mos2,2.25,0.0,1.0
mos2,2.251,0.0,1.0
mos2,2.252,0.0,1.0
mos2,2.253,0.0,1.0
mos2,2.254,0.0,1.0
mos2,2.255,0.0,1.0
mos2,2.256,0.0,1.0
mos2,2.257,0.0,1.0
mos2,2.258,0.0,1.0
mos2,2.259,0.0,1.0
mos2,2.26,0.0,1.0
mos2,2.261,0.0,1.0
mos2,2.262,0.0,1.0
mos2,2.263,0.0,1.0
mos2,2.264,0.0,1.0
mos2,2.265,0.0,1.0
mos2,2.266,1.0,1.0
mos2,2.267,0.0,1.0
mos2,2.268,0.0,1.0
mos2,2.269,0.0,1.0
mos2,2.27,0.0,1.0
mos2,2.271,0.0,1.0
mos2,2.272,0.0,1.0
mos2,2.273,0.0,1.0
mos2,2.274,0.0,1.0
mos2,2.275,0.0,1.0
mos2,2.276,0.0,1.0
mos2,2.277,0.0,1.0
mos2,2.278,0.0,1.0
mos2,2.279,0.0,1.0
mos2,2.28,0.0,1.0
mos2,2.281,0.0,1.0
mos2,2.282,0.0,1.0
mos2,2.283,0.0,1.0
mos2,2.284,0.0,1.0
mos2,2.285,0.0,1.0
mos2,2.286,0.0,1.0
mos2,2.287,0.0,1.0
mos2,2.288,0.0,1.0
mos2,2.289,0.0,1.0
mos2,2.29,0.0,1.0
mos2,2.291,0.0,1.0
mos2,2.292,0.0,1.0
mos2,2.293,0.0,1.0
mos2,2.294,0.0,1.0
mos2,2.295,0.0,1.0
mos2,2.296,0.0,1.0
mos2,2.297,0.0,1.0
mos2,2.298,0.0,1.0
mos2,2.299,0.0,1.0
mos2,2.3,0.0,1.0
mos2,2.301,0.0,1.0
mos2,2.302,0.0,1.0
mos2,2.303,0.0,1.0
mos2,2.304,0.0,1.0
mos2,2.305,0.0,1.0
mos2,2.306,0.0,1.0
mos2,2.307,0.0,1.0
mos2,2.308,0.0,1.0
mos2,2.309,1.0,1.0
mos2,2.31,0.0,1.0
mos2,2.311,0.0,1.0
mos2,2.312,0.0,1.0
mos2,2.313,0.0,1.0
mos2,2.314,0.0,1.0
mos2,2.315,0.0,1.0
mos2,2.316,0.0,1.0
mos2,2.317,0.0,1.0
mos2,2.318,0.0,1.0
mos2,2.319,0.0,1.0
mos2,2.32,0.0,1.0
mos2,2.321,0.0,1.0
mos2,2.322,0.0,1.0
mos2,2.323,0.0,1.0
mos2,2.324,0.0,1.0
mos2,2.325,0.0,1.0
mos2,2.326,0.0,1.0
mos2,2.327,0.0,1.0
mos2,2.328,0.0,1.0
mos2,2.329,0.0,1.0
mos2,2.33,0.0,1.0
mos2,2.331,0.0,1.0
mos2,2.332,0.0,1.0
mos2,2.333,0.0,1.0
mos2,2.334,0.0,1.0
mos2,2.335,0.0,1.0
mos2,2.336,0.0,1.0
mos2,2.337,0.0,1.0
mos2,2.338,0.0,1.0
mos2,2.339,1.0,1.0
mos2,2.34,1.0,1.0
mos2,2.341,0.0,1.0
mos2,2.342,0.0,1.0
mos2,2.343,0.0,1.0
mos2,2.344,0.0,1.0
mos2,2.345,0.0,1.0
mos2,2.346,0.0,1.0
mos2,2.347,0.0,1.0
mos2,2.348,0.0,1.0
mos2,2.349,0.0,1.0
mos2,2.35,0.0,1.0
mos2,2.351,0.0,1.0
mos2,2.352,1.0,1.0
mos2,2.353,0.0,1.0
mos2,2.354,0.0,1.0
mos2,2.355,0.0,1.0
mos2,2.356,0.0,1.0
mos2,2.357,0.0,1.0
mos2,2.358,0.0,1.0
mos2,2.359,0.0,1.0
mos2,2.36,0.0,1.0
mos2,2.361,1.0,1.0
mos2,2.362,0.0,1.0
mos2,2.363,0.0,1.0
mos2,2.364,0.0,1.0
mos2,2.365,0.0,1.0
mos2,2.366,0.0,1.0
mos2,2.367,0.0,1.0
mos2,2.368,0.0,1.0
mos2,2.369,0.0,1.0
mos2,2.37,0.0,1.0
mos2,2.371,0.0,1.0
mos2,2.372,0.0,1.0
mos2,2.373,0.0,1.0
mos2,2.374,0.0,1.0
mos2,2.375,0.0,1.0
mos2,2.376,0.0,1.0
mos2,2.377,0.0,1.0
mos2,2.378,0.0,1.0
mos2,2.379,0.0,1.0
mos2,2.38,0.0,1.0
mos2,2.381,0.0,1.0
mos2,2.382,0.0,1.0
mos2,2.383,0.0,1.0
mos2,2.384,0.0,1.0
mos2,2.385,0.0,1.0
mos2,2.386,0.0,1.0
mos2,2.387,0.0,1.0
mos2,2.388,0.0,1.0
mos2,2.389,0.0,1.0
mos2,2.39,0.0,1.0
mos2,2.391,0.0,1.0
mos2,2.392,0.0,1.0
mos2,2.393,0.0,1.0
mos2,2.394,0.0,1.0
mos2,2.395,0.0,1.0
mos2,2.396,0.0,1.0
mos2,2.397,0.0,1.0
mos2,2.398,0.0,1.0
mos2,2.399,0.0,1.0
